College_Code,College_Name,Branch_Code,Branch_Name,Branch_Status,GOPENS_19,GOPENH_19,GOPENO_19,GSCS_19,GSCH_19,GSCO_19,GSTS_19,GSTH_19,GVJS_19,GVJH_19,GVJO_19,GNT1S_19,GNT1H_19,GNT1O_19,GNT2S_19,GNT2H_19,GNT2O_19,GNT3S_19,GNT3H_19,GNT3O_19,GOBCS_19,GOBCH_19,GOBCO_19,LOPENS_19,LOPENH_19,LOPENO_19,LSCS_19,LSCH_19,LSCO_19,LSTS_19,LSTH_19,LVJS_19,LVJH_19,LNT1S_19,LNT1H_19,LNT2S_19,LNT2H_19,LOBCS_19,LOBCH_19,LOBCO_19,PWDOPENS_19,PWDOPENH_19,DEFOPENS_19,TFWS_19,EWS_19,DEFOBCS_19,MI_19,LNT3S_19,LNT3H_19,GOPENS_20,GOPENH_20,GOPENO_20,GSCS_20,GSCH_20,GSCO_20,GSTS_20,GSTH_20,GVJS_20,GVJH_20,GNT1S_20,GNT1H_20,GNT1O_20,GNT2S_20,GNT2H_20,GNT2O_20,GNT3S_20,GNT3H_20,GOBCS_20,GOBCH_20,GOBCO_20,LOPENS_20,LOPENH_20,LOPENO_20,LSCS_20,LSCH_20,LSCO_20,LSTS_20,LSTH_20,LVJS_20,LVJH_20,LNT1S_20,LNT1H_20,LNT2S_20,LNT2H_20,LOBCS_20,LOBCH_20,LOBCO_20,PWDOPENS_20,PWDOPENH_20,DEFOPENS_20,TFWS_20,DEFROBCS_20,EWS_20,DEFRSCS_20,MI_20,LNT3S_20,LNT3H_20,GOPENS,GOPENH,GOPENO,GSCS,GSCH,GSCO,GSTS,GSTH,GSTO,GVJS,GVJH,GNT1S,GNT1H,GNT2S,GNT2H,GNT2O,GNT3S,GNT3H,GOBCS,GOBCH,GOBCO,LOPENS,LOPENH,LOPENO,LSCS,LSCH,LSCO,LSTS,LSTH,LVJS,LVJH,LNT1S,LNT1H,LNT2S,LNT2H,LOBCS,LOBCH,LOBCO,PWDOPENS,PWDOPENH,DEFOPENS,TFWS,DEFROBCS,EWS,DEFRSCS,DEFOBCS,MI,LNT3S,GOPENS_22,GOPENH_22,GOPENO_22,GSCS_22,GSCH_22,GSCO_22,GSTS_22,GSTH_22,GSTO_22,GVJS_22,GVJH_22,GVJO_22,GNT1S_22,GNT1H_22,GNT1O_22,GNT2S_22,GNT2H_22,GNT2O_22,GNT3S_22,GNT3H_22,GOBCS_22,GOBCH_22,GOBCO_22,LOPENS_22,LOPENH_22,LOPENO_22,LSCS_22,LSCH_22,LSCO_22,LSTS_22,LSTH_22,LVJS_22,LVJH_22,LNT1S_22,LNT1H_22,LNT2S_22,LNT2H_22,LOBCS_22,LOBCH_22,LOBCO_22,PWDOPENS_22,PWDOPENH_22,DEFOPENS_22,TFWS_22,DEFROBCS_22,EWS_22,PWDROBC_22,DEFRSCS_22,DEFOBCS_22,MI_22,LNT3S_22,GOPENS_23,GOPENH_23,GOPENO_23,GSCS_23,GSCH_23,GSCO_23,GSTS_23,GSTH_23,GVJS_23,GVJH_23,GNT1S_23,GNT1H_23,GNT2S_23,GNT2H_23,GNT2O_23,GNT3S_23,GNT3H_23,GOBCS_23,GOBCH_23,GOBCO_23,LOPENS_23,LOPENH_23,LOPENO_23,LSCS_23,LSCH_23,LSCO_23,LSTS_23,LSTH_23,LVJS_23,LVJH_23,LNT1S_23,LNT1H_23,LNT2S_23,LNT2H_23,LOBCS_23,LOBCH_23,LOBCO_23,PWDOPENS_23,PWDOPENH_23,DEFOPENS_23,TFWS_23
1002,"Government College of Engineering, Amravati ",100219110,1,Government,9698,0,0,16599,0,0,28642,0,11127,0,0,0,0,0,19612,0,0,10381,0,0,11430,0,0,8428,0,0,16408,0,0,40288,0,24633,0,0,0,11019,0,11580,0,0,29243,0,15132,5336,23463,0,0,0,0,12517,0,0,22798,0,0,48088,0,17483,0,17926,0,0,22831,0,0,14822,0,14638,0,0,14417,0,0,25506,0,0,40879,0,17255,0,0,0,22621,0,18303,0,0,0,0,35039,9631,36639,14097,0,0,0,0,21750,0,0,32144,0,0,49581,0,0,30806,0,23850,0,23704,0,0,44825,0,25843,0,0,22019,0,0,27275,0,0,57303,0,33671,0,68369,0,47003,0,23336,0,0,62892,0,46444,16897,71028,26147,0,0,0,0,40678,0,0,55830,0,0,86718,0,0,45691,0,0,41586,0,0,51711,0,0,49334,0,46967,0,0,30535,0,0,50420,0,0,79098,0,40679,0,0,0,72814,0,41709,0,0,0,0,88218,19635,98060,52672,0,0,0,0,0,40741.6255,0,0,55229.34,0,0,87071.9945,0,45991.887,0,41053.0165,0,51873.078,0,0,48629.872,0,46358.527,0,0,31398.935,0,0,49989.3375,0,0,79357.721,0,40920.8815,0,13.4065,0,71897.758,0,41901.5485,0,0,14.87,0,87389.464,19643.60825
1002,"Government College of Engineering, Amravati ",100224210,2,Government,3389,0,0,9987,0,0,25392,0,11532,0,0,6564,0,0,11011,0,0,4271,0,0,4214,0,0,4800,0,0,9947,0,0,37210,0,0,0,5805,0,15665,0,5565,0,0,16496,0,9095,2601,7945,0,0,0,0,4109,0,0,10315,0,0,32442,0,13537,0,7607,0,0,8402,0,0,9385,0,4671,0,0,3952,0,0,12391,0,0,33669,0,0,0,13863,0,7216,0,4383,0,0,36709,0,12165,3662,16708,5821,0,0,0,0,4731,0,0,8734,0,0,32517,0,0,16689,0,9216,0,5013,0,0,10315,0,5452,0,0,4280,0,0,13443,0,0,24468,0,13177,0,8590,0,15015,0,5729,0,0,27025,0,11104,3541,0,5378,0,0,0,0,6412,0,0,9920,0,0,41139,0,0,17056,0,0,7766,0,0,9524,0,0,10818,0,6904,0,0,4603,0,0,8998,0,0,32400,0,15893,0,7378,0,14019,0,6218,0,0,79110,0,15876,4763,0,7872,79305,0,0,0,0,6386.9795,0,0,9330.2775,0,0,41108.552,0,16616.5015,0,8209.2855,0,9413.485,0,0,11427.4645,0,6875.3675,0,0,4455.7465,0,0,9158.6785,0,0,32305.154,0,16099.9375,0,6962.0905,0,14289.8085,0,6175.0715,0,0,79473.5635,0,15774.202,4860.7685
1002,"Government College of Engineering, Amravati ",100224610,2,Government,6384,0,0,14928,0,0,47901,0,15715,0,0,8476,0,0,11866,0,0,0,0,0,7085,0,0,7185,0,0,14032,0,0,47564,0,20594,0,0,0,0,0,8013,0,0,42473,0,0,4136,14348,0,0,9424,0,6194,0,0,16108,0,0,38361,0,13931,0,10163,0,0,11149,0,0,0,0,6851,0,0,6948,0,0,15699,0,0,28410,0,28682,0,0,0,0,0,7926,0,0,0,0,19427,5502,20732,7351,0,0,26192,0,6919,0,0,15257,0,0,44970,0,0,22403,0,12800,0,10065,0,0,13598,0,7557,0,0,7932,0,0,17620,0,0,38033,0,28406,0,17143,0,17062,0,8290,0,0,62864,0,22103,5980,0,8743,0,0,0,0,8456,0,0,13932,0,0,44445,0,0,16510,0,0,9228,0,0,9942,0,0,20505,0,8735,0,0,8400,0,0,14435,0,0,31172,0,0,0,21744,0,17754,0,9179,0,0,80636,0,24544,7435,0,9683,93664,0,0,0,0,8251.9635,0,0,14318.6925,0,0,44248.315,0,16223.5195,0,9153.7315,0,9336.703,0,0,20588.2075,0,9276.9655,0,0,8251.693,0,0,14367.6305,0,0,31546.3165,0,19.0065,0,22031.4405,0,18000.296,0,9221.141,0,0,80348.067,0,24112.507,6875.712
1002,"Government College of Engineering, Amravati ",100229310,3,Government,9970,0,0,14941,0,0,34814,0,12975,0,0,12281,0,0,16679,0,0,15062,0,0,11824,0,0,9848,0,0,14748,0,0,22900,0,19637,0,0,0,0,0,11785,0,0,43017,0,0,6238,27948,0,0,25896,0,13652,0,0,20262,0,0,58904,0,19003,0,23935,0,0,16140,0,0,33764,0,15448,0,0,15527,0,0,20627,0,0,22693,0,0,0,16635,0,24621,0,16892,0,0,0,0,48882,9912,0,13448,66643,0,0,0,18371,0,0,31678,0,0,42891,0,0,40873,0,34210,0,20292,0,0,58257,0,21196,0,0,19487,0,0,23172,0,0,31032,0,62714,0,40853,0,32862,0,22983,0,0,82209,0,38413,15892,45518,24661,0,0,0,0,26610,0,0,35923,0,0,80097,0,0,48372,0,0,27089,0,0,36467,0,0,39928,0,30649,0,0,26549,0,0,29692,0,0,48168,0,40479,0,0,0,28122,0,25800,0,0,54377,0,78548,18803,110745,35192,0,0,0,0,0,26619.0755,0,0,36036.0345,0,0,79989.637,0,48976.0975,0,26628.7885,0,37040.064,0,0,39398.0965,0,31348.8145,0,0,26596.233,0,0,29304.32725,0,0,48784.255,0,41391.39,0,17.8565,0,28183.49125,0,25375.503,0,0,54241.4025,0,77900.165,18604.9335
1002,"Government College of Engineering, Amravati ",100237210,3,Government,9525,0,0,18302,0,0,53515,0,25986,0,0,20491,0,0,14066,0,0,16367,0,0,11196,0,0,9554,0,0,18700,0,0,45246,0,0,0,18197,0,20012,0,10562,0,0,0,0,0,6201,25905,12050,0,0,0,10626,0,0,21248,0,0,56884,0,32694,0,14870,0,0,13855,0,0,28497,0,11529,0,0,11257,0,0,26749,0,0,50427,0,19954,0,0,0,0,0,13435,0,0,0,0,28266,9087,0,10882,53649,0,0,0,11873,0,0,22400,0,0,68170,0,0,23750,0,19500,0,14001,0,0,14878,0,13381,0,0,11592,0,0,18592,0,0,65264,0,48989,0,18397,0,39233,0,12636,0,0,0,0,31468,8906,0,12824,63913,0,0,0,15492,0,0,22933,0,0,64864,0,0,28519,0,0,20509,0,0,19466,0,0,26282,0,15967,0,0,14248,0,0,22745,0,0,102922,0,44740,0,20321,0,27605,0,13964,0,0,100795,0,30393,11631,0,16352,104414,0,0,0,0,15487.8275,0,0,22773.6105,0,0,65999.624,0,28463.97625,0,20564.046,0,19460.17375,0,0,26663.143,0,15858.719,0,0,14283.0865,0,0,22658.6755,0,0,102494.1775,0,44145.9385,0,20508.503,0,27832.91375,0,14236.406,0,0,99967.0815,0,29283.16025,11738.9915
1002,"Government College of Engineering, Amravati ",100246610,4,Government,13660,0,0,25951,0,0,54048,0,0,0,0,0,0,0,22245,0,0,0,0,0,16212,0,0,14218,0,0,25812,0,0,37498,0,0,0,22274,0,31875,0,15197,0,0,0,0,0,11071,57153,0,0,0,0,21366,0,0,41215,0,0,0,0,82782,0,0,0,0,0,0,0,28873,0,22155,0,0,21097,0,0,44474,0,0,0,0,0,0,0,0,28439,0,21611,0,0,0,0,0,17283,0,18097,0,0,0,0,35736,0,0,46114,0,0,0,0,0,70900,0,83386,0,47051,0,0,0,0,42004,0,0,33732,0,0,41257,0,0,0,0,0,0,0,0,0,0,38019,0,0,0,0,0,27830,0,41599,0,0,0,0,49414,0,0,65659,0,0,112169,0,0,0,0,0,0,0,0,74875,0,0,0,0,52428,0,0,46383,0,0,64077,0,0,0,0,0,0,0,0,0,0,48202,0,0,0,0,113852,30615,0,51690,0,0,0,0,0,49007.542,0,0,65759.927,0,0,112354.7835,0,17.8565,0,13.394,0,74118.5455,0,0,2.8955,0,52878.02,0,0,46350.402,0,0,62901.3355,0,0,2.614,0,0,0,2.614,0,5.1925,0,48791.347,0,0,0,0,113482.478,31199.206
1002,"Government College of Engineering, Amravati ",100261210,4,Government,7194,0,0,14267,0,0,33295,0,13821,0,0,9776,0,0,14168,0,0,13239,0,0,8849,0,0,11926,0,0,18357,0,0,85591,0,14226,0,0,0,21098,0,12158,0,0,48224,0,0,5197,23834,0,0,0,0,11560,0,0,19399,0,0,44560,0,16552,0,14771,0,0,15415,0,0,0,0,12848,0,0,21613,0,0,31556,0,0,65740,0,57809,0,56398,0,0,0,84117,0,0,29476,0,9353,74823,14806,0,0,0,24550,0,21324,0,0,33298,0,0,60169,0,0,33218,0,58862,0,27800,0,0,29310,0,23781,0,0,34253,0,0,39159,0,0,66488,0,74971,0,38673,0,78112,0,36518,0,0,0,0,0,17382,0,28658,0,0,0,0,34421,0,0,42806,0,0,109621,0,0,48115,0,0,47757,0,0,43267,0,0,63985,0,39664,0,0,40195,0,0,61058,0,0,97556,0,0,0,81559,0,54000,0,42993,0,0,0,0,64866,21335,0,49115,0,0,0,0,0,34417.4565,0,0,42170.7855,0,0,109035.5145,0,48813.416,0,49163.1585,0,42176.5605,0,0,62836.5495,0,39598.575,0,0,40587.8555,0,0,61252.217,0,0,97271.8895,0,19.0145,0,81652.7955,0,54071.6695,0,42055.8475,0,0,5.1925,0,66004.148,21202.6535
1005,"Sant Gadge Baba Amravati University,Amravati ",100550310,5,University,0,21194,0,0,23289,0,0,0,0,0,0,0,0,0,0,56941,0,0,0,0,0,21937,0,0,19086,0,0,0,0,0,0,0,0,0,0,0,0,0,0,0,0,0,0,16610,68905,0,0,0,0,0,36956,0,0,60774,0,0,58996,0,0,0,0,0,0,0,0,0,0,0,39782,0,0,23296,0,0,43826,0,0,0,0,0,0,0,0,0,0,36676,0,0,0,0,17216,0,50606,0,0,0,0,0,52175,0,0,53108,0,0,85805,0,0,0,0,0,0,62578,0,0,0,0,53282,0,0,45880,0,0,0,0,0,0,0,0,0,0,0,0,0,47948,0,0,0,0,19231,0,73052,0,0,0,0,0,56459,0,0,89272,0,0,0,0,0,64230,0,0,100270,0,0,0,0,0,0,0,56723,0,0,24039,0,0,0,0,0,0,0,0,0,0,0,0,0,46268,0,0,0,0,34335,0,107964,0,0,0,0,0,0,55091.1105,0,0,89481.6265,0,0,17.8565,0,62808.45,0,99168.41,0,14.8735,0,0,0,0,55091.716,0,0,23975.196,0,0,2.8955,0,0,0,0,0,0,0,0,0,0,46315.0095,0,0,0,0,34393.0565
1005,"Sant Gadge Baba Amravati University,Amravati ",100551710,5,University,0,32067,0,0,0,0,0,0,0,0,0,0,0,0,0,0,0,0,0,0,0,32070,0,0,20286,0,0,40015,0,0,0,0,0,0,0,0,0,0,0,0,0,0,0,23810,0,0,0,0,0,0,68673,0,0,0,0,0,0,0,0,0,0,0,0,0,0,0,0,0,79418,0,0,37275,0,0,0,0,0,0,0,0,0,0,0,0,0,0,0,0,0,0,33079,0,75665,0,0,0,0,0,75660,0,0,0,0,0,0,0,0,0,0,0,0,0,0,0,0,0,0,0,0,0,0,0,0,0,0,0,0,0,0,0,0,0,0,0,0,0,0,0,27453,0,94151,0,0,0,0,0,0,0,0,0,0,0,0,0,0,0,0,0,0,0,0,0,0,0,0,0,0,0,0,77244,0,0,0,0,0,0,0,0,0,0,0,0,0,84752,0,0,0,0,48609,0,96766,0,0,0,0,0,0,19.0145,0,0,0,0,0,0,0,0,0,0,0,0,0,0,0,0,5.1925,0,0,77613.3465,0,0,2.614,0,0,0,0,0,0,0,0,0,0,84901.2845,0,0,0,0,49006.5485
1005,"Sant Gadge Baba Amravati University,Amravati ",100552710,5,University,0,32029,0,0,42878,0,0,0,0,50062,0,0,0,0,0,0,0,0,0,0,0,33506,0,0,24884,0,0,42910,0,0,0,0,0,0,0,0,0,0,32783,0,0,0,0,10365,27294,0,0,0,0,0,52216,0,0,71404,0,0,0,0,0,0,0,0,0,0,0,0,0,0,62765,0,0,22306,0,0,72356,0,0,0,0,0,0,0,0,0,0,60363,0,0,0,0,29721,0,32415,0,0,0,0,0,94447,0,0,0,0,0,0,0,0,0,0,0,0,0,0,0,0,0,0,0,0,63916,0,0,0,0,0,0,0,0,0,0,0,0,0,0,0,0,0,0,15845,0,50675,0,0,0,0,0,110078,0,0,0,0,0,0,0,0,0,0,0,0,0,0,0,0,0,0,0,0,0,0,89462,0,0,0,0,0,0,0,0,0,0,0,0,0,0,0,0,0,0,0,0,115429,0,0,0,0,0,0,111065.7865,0,0,5.1925,0,0,0,0,2.614,0,0,0,0,0,0,0,0,5.1925,0,0,89346.974,0,0,5.1925,0,0,0,0,0,0,0,0,0,0,5.1925,0,0,0,0,19.0145
1012,"Government Engineering College, Yavatmal ",101219110,1,Government,0,20224,0,0,24430,0,0,42853,0,21578,0,0,21032,0,0,30217,0,0,0,0,0,22639,0,0,21303,0,0,29695,0,0,79205,0,0,0,0,0,31576,0,21775,0,0,68858,0,11976,46279,33227,0,0,0,0,30191,0,0,47909,0,0,52649,0,33405,0,48047,0,0,40317,0,0,52260,0,34861,0,0,30740,0,0,40657,0,0,68467,0,0,0,0,0,53070,0,35873,0,0,0,0,18252,0,31008,0,0,0,0,0,46862,0,0,64438,0,0,0,0,0,52216,0,59375,0,59586,0,0,51243,0,59168,0,0,49747,0,0,62468,0,0,0,0,0,0,0,0,0,0,55691,0,0,0,0,29974,0,45368,0,0,0,0,0,72032,0,0,107302,0,0,114482,0,0,85649,0,0,82211,0,0,83614,0,0,0,0,85512,0,0,68900,0,0,75744,0,0,0,0,0,0,0,0,0,0,80795,0,0,0,0,56874,0,97934,0,0,0,0,0,0,71585.6455,0,0,106717.353,0,0,114616.1105,0,85655.826,0,82662.1135,0,83912.834,0,0,17.8655,0,85655.826,0,0,68486.03,0,0,76220.183,0,0,5.105,0,0,0,0,0,5.105,0,80427.1685,0,0,2.5265,0,55224.14
1012,"Government Engineering College, Yavatmal ",101224510,2,Government,0,16200,0,0,24420,0,0,62352,0,19364,0,0,20152,0,0,17319,0,0,18805,0,0,17466,0,0,15239,0,0,20795,0,0,0,0,0,0,0,0,0,0,16562,0,0,0,0,8142,28644,23339,0,0,0,0,22241,0,0,34997,0,0,64068,0,22858,0,29259,0,0,28087,0,0,32727,0,24042,0,0,22130,0,0,31393,0,0,0,0,0,0,36156,0,0,0,24298,0,0,0,18665,12856,35543,19604,0,0,0,0,0,20894,0,0,35679,0,0,62004,0,0,29302,0,31992,0,23867,0,0,45150,0,24376,0,0,17714,0,0,31778,0,0,0,0,0,0,0,0,0,0,20689,0,0,96102,39641,12286,51995,19104,0,0,0,0,0,24879,0,0,32136,0,0,79961,0,0,25236,0,0,29891,0,0,29197,0,0,32709,0,26900,0,0,19777,0,0,40577,0,0,47880,0,0,0,0,0,0,0,22081,0,0,0,48009,10149,74646,24163,0,0,0,0,0,0,25160.243,0,0,32534.9985,0,0,79958.4105,0,25233.875,0,29321.04825,0,29321.76425,0,0,32567.5285,0,26682.35,0,0,19585.99925,0,0,40806.776,0,0,48554.6725,0,0,0,2.8795,0,0,0,22093.1855,0,0,13.4065,48424.677,9331.0225
1012,"Government Engineering College, Yavatmal ",101229310,3,Government,0,23602,0,0,24667,0,0,52400,0,25281,0,0,25247,0,0,36490,0,0,0,0,0,25390,0,0,24796,0,0,33908,0,0,35060,0,0,0,53061,0,39425,0,25418,0,0,0,21902,15271,59094,0,0,0,0,0,44684,0,0,51906,0,0,72661,0,46710,0,51982,0,0,44986,0,0,0,0,46366,0,0,40448,0,0,42591,0,0,0,0,45195,0,0,0,51705,0,45012,0,0,0,0,19713,0,49493,0,0,0,0,0,54441,0,0,69809,0,0,69650,0,0,61826,0,86402,0,68669,0,0,93198,0,67069,0,0,57895,0,0,88897,0,0,62028,0,0,0,0,0,0,0,67684,0,0,0,0,43233,0,48295,0,0,0,0,0,59291,0,0,89956,0,0,95997,0,0,67364,0,0,84691,0,0,64003,0,0,72385,0,66703,0,0,50247,0,0,87804,0,0,0,0,0,0,0,0,0,0,55708,0,0,0,117538,44044,0,71061,0,0,0,0,0,0,60114.031,0,0,90542.5765,0,0,97261.8895,0,67801.481,0,84739.388,0,62771.09,0,0,72007.0435,0,66242.496,0,0,50385.808,0,0,87212.4185,0,0,14.8735,0,2.8955,0,2.614,0,5.1925,0,55341.4485,0,0,0,118344.4933,44120.6285
1012,"Government Engineering College, Yavatmal ",101237210,3,Government,0,27811,0,0,34377,0,0,0,0,29407,0,0,0,0,0,42335,0,0,38591,0,0,29862,0,0,19758,0,0,31675,0,0,0,0,0,0,0,0,0,0,27628,0,0,0,20477,15710,71233,0,0,0,0,0,41097,0,0,76524,0,0,0,0,53313,0,46913,0,0,41819,0,0,61455,0,43178,0,0,39563,0,0,42611,0,0,0,0,55758,0,77876,0,42583,0,39586,0,0,0,0,21676,0,33465,0,0,0,0,0,38995,0,0,60930,0,0,0,0,0,61869,0,47376,0,57438,0,0,71515,0,48463,0,0,32414,0,0,51703,0,0,0,0,0,0,0,0,0,0,43038,0,0,0,0,21526,0,37373,0,0,0,0,0,41714,0,0,63707,0,0,0,0,0,66207,0,0,51553,0,0,50917,0,0,68536,0,47845,0,0,39093,0,0,53982,0,0,0,0,0,0,0,0,0,0,41348,0,0,0,101980,25137,102806,44532,0,0,0,0,0,0,42279.612,0,0,62546.893,0,0,0,0,66245.396,0,51640.2875,0,50436.575,0,0,68447.1385,0,48788.1345,0,0,38765.103,0,0,54254.77,0,0,0,0,2.8955,0,2.8955,0,2.8955,0,41379.3005,0,0,0,102890.1005,25257.4335
1012,"Government Engineering College, Yavatmal ",101261210,4,Government,0,19259,0,0,28386,0,0,53322,0,22405,0,0,21199,0,0,19492,0,0,0,0,0,22356,0,0,25768,0,0,33456,0,0,0,0,42961,0,0,0,0,0,27213,0,0,0,0,14583,85514,0,0,0,39382,0,36429,0,0,54876,0,0,87809,0,41485,0,54470,0,0,46949,0,0,81668,0,41751,0,0,46653,0,0,53814,0,0,0,0,0,0,0,0,0,0,66604,0,0,0,0,23560,0,43235,0,0,0,0,0,51963,0,0,94301,0,0,89614,0,0,55325,0,62437,0,68491,0,0,57076,0,63708,0,0,65964,0,0,0,0,0,0,0,0,0,0,0,0,0,0,0,0,0,91200,32841,0,51340,0,0,0,0,0,70771,0,0,100838,0,0,120495,0,0,72461,0,0,92687,0,0,95363,0,0,108413,0,84149,0,0,96418,0,0,108877,0,0,0,0,0,0,0,0,0,0,102356,0,0,0,0,48386,0,59474,0,0,0,0,0,0,70294.717,0,0,99554.255,0,0,120533.0873,0,72208.0625,0,92546.9845,0,97222.0195,0,0,108767.68,0,83941.005,0,0,97312.1855,0,0,108719.2065,0,0,0,0,2.614,0,0,0,0,0,103004.3585,0,0,0,13.394,49008.215
1101,"Shri Sant Gajanan Maharaj College of Engineering,Shegaon ",110124210,2,Home,0,14119,0,0,25422,0,0,56410,0,28418,0,0,18944,0,0,0,0,0,0,0,0,14605,0,0,11002,0,0,21520,0,0,0,0,0,0,0,0,25489,0,14240,0,0,0,0,9344,31352,0,0,0,0,0,13940,0,0,22333,0,0,25294,0,27973,0,20016,0,0,21265,0,0,0,0,14698,0,0,11231,0,0,27454,0,0,75219,0,0,0,0,0,0,0,13835,0,0,0,24626,5249,0,15456,0,0,0,0,0,12120,0,0,20343,0,0,42433,0,0,35473,0,22576,0,15065,0,0,25861,0,13384,0,0,12112,0,0,24094,0,0,86762,0,0,0,0,0,0,0,13037,0,0,0,70863,6435,0,15637,0,0,0,0,0,0,0,0,12653,0,0,24489,0,0,78818,0,0,17131,0,0,23940,0,0,14360,0,37293,0,0,13209,0,0,11883,0,0,24257,0,0,0,0,0,0,0,66270,0,0,14266,32925,7999,0,15503,80456,0,0,0,0,0,19.0065,0,0,12526.6655,0,0,24007.749,0,79362.437,0,16608.7675,0,23857.7705,0,0,13919.389,0,37361.864,0,0,13456.7445,0,0,11979.7745,0,0,24021.8255,0,0,0,0,0,2.5265,0,66402.849,0,0,13757.1435,32653.8975,8203.398
1101,"Shri Sant Gajanan Maharaj College of Engineering,Shegaon ",110124610,2,Home,0,17407,0,0,32360,0,0,48417,0,0,0,0,0,0,0,0,0,0,41856,0,0,17881,0,0,16893,0,0,22812,0,0,84587,0,71134,0,0,0,24639,0,16924,0,0,0,0,11520,65385,31223,0,0,0,0,18948,0,0,25619,0,0,83006,0,35196,0,0,0,0,0,0,0,43794,0,20468,0,0,20287,0,0,27606,0,0,87344,0,0,0,0,0,36082,0,20340,0,0,0,51721,9952,0,21309,0,0,0,0,0,16253,0,0,27653,0,0,85793,0,0,29785,0,31277,0,29314,0,0,40262,0,17245,0,0,16418,0,0,34072,0,0,61898,0,0,0,0,0,0,0,17747,0,0,0,0,12098,0,19237,0,0,0,0,0,17463,0,0,29839,0,0,90296,0,0,29028,0,0,23665,0,0,20024,0,0,0,0,18077,0,0,15723,0,0,29888,0,0,79743,0,0,0,0,0,0,0,16467,0,0,0,39397,11297,0,19337,0,0,0,0,0,0,17999.4425,0,0,29323.89675,0,0,90161.882,0,29215.63625,0,23769.243,0,19714.33525,0,0,19.0065,0,18009.0375,0,0,15797.0605,0,0,29320.77075,0,0,79600.373,0,2.5265,0,0,0,5.105,0,16197.2145,0,0,0,39433.491,11484.943
1101,"Shri Sant Gajanan Maharaj College of Engineering,Shegaon ",110135610,3,Home,0,27062,0,0,39975,0,0,62691,0,0,43349,0,0,0,0,0,0,0,0,0,0,30347,0,0,20849,0,0,65991,0,0,0,0,0,0,29817,0,0,0,25082,0,0,0,0,19981,68625,72608,0,0,0,0,39473,0,0,67971,0,0,0,0,0,0,0,0,0,45320,0,0,0,0,46818,0,0,35272,0,0,0,0,0,0,0,0,0,0,0,0,0,40330,38307,0,0,0,26736,0,49660,0,0,0,0,0,47246,0,0,87917,0,0,77165,94416,0,53981,0,77480,0,57539,0,0,0,0,53259,0,0,43259,0,0,54280,67468,0,0,0,0,0,0,0,0,0,47718,0,0,0,0,30604,0,81057,0,0,0,0,0,50928,0,0,77561,0,0,0,0,0,0,0,0,85885,0,0,54512,87220,0,74419,0,57119,0,0,41887,0,0,62884,0,0,92091,0,0,0,0,0,0,0,53928,0,0,0,0,22778,0,74048,0,0,0,0,0,0,50361.8715,0,0,77062.37,0,0,14.8735,0,13.394,0,85990.674,0,54217.516,87637.4075,0,73437.083,0,55324.796,0,0,42113.986,0,0,62919.8445,13.394,0,92571.359,0,0,0,2.614,0,0,0,54257.411,2.8955,0,0,0,22794.959
1101,"Shri Sant Gajanan Maharaj College of Engineering,Shegaon ",110137210,3,Home,0,33112,0,0,53363,0,0,48312,0,38401,0,0,44590,0,0,42482,0,0,0,0,0,35611,0,0,26233,0,0,44037,0,0,0,0,0,0,0,0,28628,0,33167,0,0,0,0,20143,80418,0,0,0,0,0,32997,0,0,50169,0,0,0,0,61342,0,0,0,0,37272,0,0,88289,0,37521,0,0,23772,0,0,58136,0,0,0,0,0,0,57209,0,87658,0,32639,0,0,0,70156,20737,0,48598,0,0,0,0,0,32096,0,0,77366,0,0,0,0,0,45969,0,61482,0,34116,0,0,41467,0,35339,0,0,29220,0,0,53516,0,0,0,0,0,0,0,0,94654,0,30538,0,0,0,0,18279,0,36949,0,0,0,0,0,31271,0,0,49984,0,0,0,0,0,34244,52873,0,35746,0,0,43494,0,0,48023,0,34248,0,0,24097,0,0,59968,0,0,120331,0,0,0,0,0,25084,0,31577,0,0,0,90969,21727,0,45586,0,0,0,0,0,0,31477.7935,0,0,50188.0115,0,0,2.614,0,34377.322,0,36021.8435,0,44186.027,0,0,48752.6725,0,34404.939,0,0,23970.4125,0,0,60100.0555,0,0,120562.0073,0,0,0,2.8955,0,25072.352,0,31399.553,0,0,0,90420.1645,21988.279
1101,"Shri Sant Gajanan Maharaj College of Engineering,Shegaon ",110161210,4,Home,0,19604,0,0,30083,0,0,0,0,0,0,0,26996,0,0,23663,0,0,28282,0,0,23022,0,0,18886,0,0,34999,0,0,0,0,0,0,0,0,0,0,30310,0,0,0,61406,15289,74486,0,0,0,0,0,45534,0,0,58316,0,0,72038,0,0,0,54436,0,0,65335,0,0,0,0,52924,0,0,46920,0,0,73781,77969,0,0,0,0,0,0,0,0,0,59953,43150,0,0,0,25924,0,84731,0,0,0,0,0,52033,0,0,73971,0,0,0,0,0,91601,0,80417,0,60143,0,0,77760,0,61938,0,0,64585,0,0,71716,0,0,0,0,0,0,0,0,0,0,0,0,0,0,0,45155,0,93323,0,0,0,0,0,64420,0,0,106848,79375,0,0,0,0,77632,0,0,85930,0,0,72666,0,0,106100,0,75284,0,0,68056,0,0,0,0,0,0,0,0,0,0,0,0,0,76382,0,0,0,0,45494,0,93002,0,0,0,0,0,0,65798.968,0,0,107284.42,79501.761,0,2.8955,0,77139.695,0,85837.2465,0,72297.1455,0,0,106870.6315,0,76204.3185,0,0,68078.1105,0,0,19.0145,2.8955,0,0,0,0,0,0,0,0,0,76279.3845,2.8955,0,0,2.614,45981.292
1105,"Prof. Ram Meghe nstitute of Technology & Research, Amravati ",110519110,1,Home,0,32149,0,0,43335,0,0,53203,0,48107,0,0,39477,0,0,39540,0,0,36046,49883,0,37521,0,0,32065,0,0,36511,0,0,83914,0,53043,0,0,0,47326,0,36601,0,0,0,49760,23122,70991,0,0,0,0,0,49958,0,0,72699,76771,0,67507,0,70452,0,51723,54800,0,60786,0,0,74475,0,55754,0,0,49178,0,0,58935,78321,0,0,0,78603,0,63643,0,62104,0,0,56556,0,0,67209,36190,0,66451,0,0,0,0,0,77469,73027,0,97123,0,0,95365,0,0,96273,0,97131,0,100450,0,0,0,0,86932,99199,0,70153,71635,0,78434,0,0,0,0,0,0,0,0,97252,0,83147,78589,0,0,0,50757,0,94409,0,0,0,0,0,97172,96617,0,120452,116047,0,0,0,0,117791,105965,0,101452,106719,0,109625,105959,0,107388,0,107447,107498,0,81835,91157,0,112351,114147,0,0,0,103954,0,103451,0,99515,0,99215,104794,0,0,0,0,0,122007,0,0,0,0,0,0,97647.031,98040.3815,0,120540.4673,114906.0885,0,19.0065,0,118225.7458,0,103085.2895,0,108842,105889.6165,0,107008.625,0,107173.614,106593.2385,0,81552.2225,90709.9655,0,111985.447,114498.614,0,2.5265,0,103402.747,0,103326.9495,0,98727.084,0,98952.589,103902.9995,0,0,5.105,19.0065
1105,"Prof. Ram Meghe nstitute of Technology & Research, Amravati ",110524210,2,Home,0,22607,0,0,33403,0,0,35547,0,31336,0,0,31795,0,0,36087,0,0,49531,0,0,24703,0,0,16059,0,0,27712,0,0,74681,0,0,0,0,0,33042,0,22335,0,0,0,30659,13040,81419,0,0,0,0,0,23988,0,0,35652,0,0,59586,0,37396,0,0,0,0,48002,0,0,61360,0,25481,0,0,22689,0,0,27591,0,0,73502,0,0,0,46643,0,58649,0,24422,0,0,0,77258,12747,0,30789,0,0,0,0,0,30247,0,0,94198,0,0,44582,0,0,23496,0,30100,0,43361,0,0,23279,0,19873,0,0,31059,0,0,54775,0,0,45489,0,34211,0,27291,0,22353,0,29580,0,0,0,78704,12509,93540,33605,100526,28407,0,0,0,22168,0,0,33141,0,0,79827,0,0,29306,0,0,31282,0,0,28273,0,0,34770,0,24384,0,0,20806,0,0,32962,0,0,88430,0,31121,0,30836,0,30937,0,23271,0,0,122436,45018,13157,86363,33849,0,48548,89860,0,0,0,22506.49,0,0,33804.0735,0,0,80007.977,0,29311.85875,0,31494.348,0,28364.15125,0,0,34030.0485,0,24080.2335,0,0,20679.3325,0,0,32584.478,0,0,89575.3985,0,31518.729,0,31351.3115,0,31529.1965,0,23577.919,0,0,122231.9245,44370.737,13464.705
1105,"Prof. Ram Meghe nstitute of Technology & Research, Amravati ",110524610,2,Home,0,38076,0,0,64514,68300,0,0,0,50723,0,0,62687,66671,0,0,41062,0,42602,0,0,43793,0,0,35606,0,0,65333,0,0,0,0,0,0,0,0,65572,0,40395,0,0,0,0,20590,61935,0,0,0,0,0,38431,0,0,51409,0,0,0,0,40462,0,48194,0,0,51215,0,0,57016,0,42800,0,0,35375,0,0,46201,0,0,0,0,68345,0,0,0,40393,0,34846,0,0,0,0,22563,0,60824,0,0,0,0,0,29683,0,0,39251,0,0,65945,0,0,36410,0,37036,0,47176,0,0,93251,0,31101,0,0,28973,0,0,37898,0,0,0,0,0,0,0,0,35363,0,29987,0,0,0,0,21115,0,50880,0,0,0,0,0,30946,0,0,36998,0,0,116838,0,0,39835,0,0,31436,0,0,37967,0,0,41742,0,33433,0,0,25801,0,0,33787,0,0,0,0,0,0,0,0,43627,0,30270,0,0,0,61859,15970,90289,46779,0,104311,0,0,0,0,31469.3945,0,0,36928.719,2.5265,0,118343.6503,0,39287.074,0,31544.667,0,37252.4935,2.5265,0,42192.3235,0,33653.9495,0,0,25270.9875,0,0,34017.7665,0,0,0,0,2.8795,0,0,0,44182.674,0,29389.32675,0,0,0,61138.716,16031.1005
1105,"Prof. Ram Meghe nstitute of Technology & Research, Amravati ",110537210,3,Home,0,61562,59667,0,86362,0,0,79710,0,0,0,0,77305,0,0,64911,0,0,0,0,0,72724,76447,0,51805,49755,0,63385,75998,0,85909,0,0,0,0,0,84977,0,62436,65809,0,0,0,30690,0,0,0,0,0,0,67587,0,0,86326,0,0,0,0,0,0,81464,82143,0,81324,0,0,0,0,78997,83543,0,64039,57049,0,86912,0,0,0,0,0,0,83942,0,0,0,74711,69177,0,0,0,39717,0,65922,0,0,0,0,0,58864,0,0,81078,0,0,0,0,0,74367,0,61658,0,68781,75598,0,0,0,60568,0,0,50486,0,0,86362,85417,0,0,0,72644,0,56692,0,86208,0,58277,0,0,0,0,37098,0,84997,0,0,0,0,0,55017,0,0,71576,0,0,0,0,0,68771,0,0,55849,0,0,69619,0,0,115939,0,57251,0,0,49238,0,0,70902,0,0,0,0,80125,0,0,0,64846,0,54766,0,0,0,0,36177,0,83998,0,0,0,0,0,0,55302.169,2.614,0,72010.06,0,0,2.614,0,68344.033,0,55446.225,0,68553.1345,13.394,0,114939.8545,0,55446.225,5.1925,0,48952.3095,5.1925,0,70558.357,14.8735,0,2.614,0,79905.605,0,17.8565,0,66085.3205,0,55300.6315,5.1925,0,0,0,36102.0385
1105,"Prof. Ram Meghe nstitute of Technology & Research, Amravati ",110561210,4,Home,0,42605,0,0,80620,0,0,51470,0,53587,0,0,66586,54144,0,39826,0,0,43004,0,0,55402,0,0,60033,24299,0,65022,0,0,0,0,0,0,0,0,0,0,0,51493,0,0,0,28903,35965,0,0,0,0,0,85900,0,0,67549,0,0,77126,0,0,0,77236,0,0,71204,0,0,0,0,74077,72953,0,0,0,0,0,0,0,0,0,0,0,0,0,0,0,0,86464,0,0,0,50940,0,0,0,0,0,0,0,100427,98949,0,0,0,0,0,0,0,0,0,0,0,0,0,0,0,0,0,0,0,97953,0,0,0,0,0,0,0,0,0,0,0,0,0,0,0,0,0,0,0,0,94164,0,0,0,0,0,97701,0,0,122461,119711,0,0,0,0,114597,0,0,116382,100125,0,0,121337,0,0,0,105956,105840,0,94187,101631,0,114027,113830,0,0,0,0,0,119215,0,112713,0,107983,108076,0,0,0,0,0,107894,0,0,0,0,0,0,97734.296,13.394,0,122226.955,120523.7773,0,5.1925,0,114663.492,0,114904.595,0,5.1925,121305.6563,0,2.614,0,107004.757,106515.958,0,92833.8845,103046.8265,0,113471.0365,113482.478,0,0,0,0,0,118638.3343,0,112498.064,0,108053.573,108799.1935,0,0,0,5.1925
1107,"P. R. Pote (Patil) Education & Welfare Trust's Group of nstitution(Integrated Campus), Amravati ",110719110,1,Home,0,43898,0,0,52942,53642,0,46417,0,63253,0,0,47166,0,0,0,50868,0,52079,0,0,47184,48360,0,40328,31704,0,0,40591,0,0,0,0,0,0,0,51753,0,48376,46114,0,0,0,29812,0,0,0,0,0,0,66726,64671,0,87771,0,0,84186,0,81761,0,74887,0,0,77089,80823,0,0,0,80186,83751,0,55101,51259,0,76030,79385,0,87906,0,0,0,0,0,0,0,70920,57810,0,0,0,48549,0,87615,0,0,0,0,0,74194,69640,0,94070,0,0,0,0,0,0,0,0,0,81436,86313,0,0,0,78640,83862,0,72327,0,0,92843,0,0,83156,0,0,0,0,0,0,0,83523,75722,0,0,0,35520,0,100352,0,0,0,0,0,80530,0,0,94989,0,0,117957,0,0,0,119396,0,118218,0,0,100267,105944,0,97708,0,91078,92464,0,87098,92630,0,93351,102000,0,0,0,0,0,0,0,0,0,94881,95763,0,0,0,57082,0,121481,0,0,0,0,0,0,80301.7415,17.8655,0,97480.6365,2.5265,0,118238.1768,0,5.105,0,118353.0348,0,98970.1005,106797.603,0,97794.541,0,90258.8075,92389.365,0,87046.632,92551.234,0,92507.2535,102814.6795,0,17.8655,0,0,0,0,0,2.5265,0,92750.894,97648.949,0,0,0,55283.5255
1107,"P. R. Pote (Patil) Education & Welfare Trust's Group of nstitution(Integrated Campus), Amravati ",110724210,2,Home,0,29677,0,0,49010,0,0,66243,0,42087,53158,0,30896,0,0,67370,82802,0,64565,0,0,34139,0,0,24562,0,0,38990,0,0,73449,0,28259,0,0,0,31119,0,39779,0,0,0,0,22597,86213,0,0,0,0,0,43015,0,0,60566,0,0,0,0,0,0,54235,0,0,73403,0,0,0,0,46532,0,0,37713,0,0,65129,0,0,0,0,44828,0,58165,0,37789,0,42987,0,0,0,0,27049,0,80286,0,0,0,0,0,36437,0,0,54953,0,0,77282,0,0,52964,0,40417,0,69039,0,0,49463,0,38470,0,0,32831,0,0,52565,0,0,0,0,60034,0,45871,0,57835,0,36053,0,0,0,0,20788,0,59600,0,0,0,0,0,38369,0,0,47681,0,0,107593,0,0,48184,0,0,40902,0,0,52036,0,0,60667,0,40053,0,0,36408,0,0,46546,0,0,100296,0,48736,0,43812,0,38811,0,38273,0,0,0,70778,23056,79650,60001,0,93033,99943,0,0,0,38584.3815,0,0,48724.88,0,0,107119.439,0,48791.0285,0,41030.8815,0,51894.326,2.5265,0,61243.791,0,39297.345,0,0,37122.599,0,0,46659.0675,0,0,98934.6155,0,48944.852,0,43893.2725,0,38604.426,0,38644.0425,0,0,0,70490.4625,22754.1
1107,"P. R. Pote (Patil) Education & Welfare Trust's Group of nstitution(Integrated Campus), Amravati ",110729310,3,Home,0,51656,0,0,77446,86364,0,0,0,0,0,0,0,0,0,59447,0,0,0,0,0,56606,63985,0,49584,0,0,53804,0,0,0,0,0,0,0,0,0,0,0,49546,0,0,0,31602,0,0,0,0,0,0,68277,0,0,80397,0,0,0,0,0,0,0,0,0,0,86579,0,0,0,76170,0,0,56175,0,0,0,86427,0,0,0,0,0,0,0,61250,0,68475,53958,0,0,0,46478,0,65236,0,0,0,0,0,73636,70723,0,90508,92878,0,0,0,0,96880,0,0,0,88057,0,0,0,0,83199,84390,0,56846,57294,0,100112,66897,0,0,0,0,0,0,0,0,0,66280,76635,0,0,0,34678,0,97972,0,0,0,0,0,68860,0,0,74043,78184,0,0,0,0,73449,0,0,73135,83630,0,78054,84200,0,0,0,73006,0,0,60872,0,0,63122,0,0,0,0,0,0,0,0,0,0,72460,0,0,0,0,46277,0,119017,0,0,0,0,0,0,68472.1735,13.394,0,73677.817,77400.612,0,0,0,73434.42,0,73236.2635,0,77408.5785,83738.612,0,0,0,73529.4265,14.8735,0,60607.403,13.394,0,62815.167,17.8565,0,0,0,0,0,0,0,2.8955,0,72181.5675,19.0145,0,0,0,46292.024
1107,"P. R. Pote (Patil) Education & Welfare Trust's Group of nstitution(Integrated Campus), Amravati ",110737210,3,Home,0,43834,40113,0,85478,86126,0,0,0,0,0,0,49668,0,0,0,0,0,0,0,0,54180,60240,0,35792,0,0,77063,32189,0,0,0,0,0,0,0,71213,0,48048,49196,0,0,0,26125,0,0,0,0,0,0,72143,71249,0,87385,0,0,0,0,0,0,0,0,0,78549,0,0,0,0,75995,0,0,59719,55190,0,80056,0,0,0,0,0,0,0,0,0,0,65830,73345,0,0,0,41929,0,56656,0,0,0,0,0,65395,0,0,90573,0,0,0,0,0,0,0,95002,0,81862,88492,0,0,0,67946,69312,0,53174,0,0,87674,92376,0,0,0,0,0,0,0,0,0,62990,0,0,0,0,45580,0,95114,0,0,0,0,0,58889,0,0,73257,0,0,100831,0,0,87035,0,0,60956,0,0,80387,0,0,0,0,60579,0,0,53078,0,0,74134,0,0,0,0,0,0,0,0,0,0,57883,0,0,0,75059,41964,0,90814,0,0,0,0,0,0,59919.068,5.1925,0,73549.275,2.614,0,99967.0815,0,87322.0255,0,60971.001,0,80222.3285,13.394,0,0,0,60722.58,14.8735,0,52832.5895,2.8955,0,73677.817,14.8735,0,0,0,0,0,0,0,2.614,0,59902.535,5.1925,0,0,76214.5955,42243.3915
1107,"P. R. Pote (Patil) Education & Welfare Trust's Group of nstitution(Integrated Campus), Amravati ",110761210,4,Home,0,66112,86067,0,86995,0,0,0,0,0,0,0,0,0,0,0,0,0,0,0,0,71941,27333,0,54420,0,0,0,0,0,0,0,0,0,0,0,0,0,0,0,0,0,0,42629,0,84441,0,0,0,0,81750,0,0,0,0,0,0,0,0,0,0,0,0,0,0,0,0,0,84779,0,0,76102,0,0,0,0,0,0,0,0,0,0,0,0,0,0,0,0,0,0,0,0,0,0,0,0,0,0,99722,91323,0,98153,0,0,0,0,0,0,0,0,0,0,0,0,0,0,83446,0,0,0,92839,0,0,0,0,0,0,0,0,0,0,0,0,0,0,0,0,0,0,0,95833,0,0,0,0,0,89771,0,0,100488,103897,0,0,0,0,0,0,0,99932,0,0,108670,114055,0,0,0,95817,0,0,83973,0,0,89486,108804,0,0,0,0,0,0,0,0,0,99849,102084,0,0,0,66118,0,110305,0,0,0,0,0,0,89281.631,14.8735,0,99637.1315,103682.61,0,0,0,0,0,99149.485,0,108116.9915,113493.8715,0,0,0,97763.0425,2.614,0,83684.57,13.394,0,89304.4835,108116.9915,0,0,0,0,0,0,0,0,0,99149.485,103092.192,0,0,0,65907.2815
1114,"Sipna Shikshan Prasarak Mandal College of Engineering & Technology, Amravati ",111419110,1,Home,0,34855,0,0,48575,49742,0,53003,0,0,0,0,0,59692,0,47158,0,0,61682,0,0,37068,0,0,33594,0,0,38131,0,0,52592,0,0,0,44856,0,0,0,76285,0,0,0,46398,27695,67322,0,0,0,0,0,58581,0,0,69125,0,0,0,0,0,0,0,0,0,76298,0,0,0,0,70181,0,0,58462,0,0,65866,70825,0,0,0,0,0,88558,0,0,0,66523,0,0,0,78589,31723,0,86715,0,0,0,0,0,74661,74509,0,88078,0,0,74679,92512,0,97379,0,0,0,0,0,0,0,0,86339,88468,0,81748,75115,0,95522,100474,0,0,0,0,0,0,0,0,0,0,78393,0,0,0,53549,0,72164,0,0,0,0,0,88716,0,0,106937,109319,0,0,0,0,105481,0,0,105542,106045,0,112361,111694,0,0,0,96852,93921,0,76525,0,0,99831,111644,0,0,0,0,0,0,0,0,0,86619,0,0,0,122406,59246,0,122466,0,0,0,0,0,0,89559.8535,13.4065,0,106861.1495,108148.3325,0,14.87,0,104962.605,0,104673.3115,0,111675.488,111721.343,0,2.5265,0,97616.1505,93024.0285,0,75865.7415,13.4065,0,98749.2165,111779.765,0,2.5265,0,0,0,5.105,0,0,0,87242.3145,13.4065,0,0,122222.9365,60413.0955
1114,"Sipna Shikshan Prasarak Mandal College of Engineering & Technology, Amravati ",111424210,2,Home,0,30297,0,0,43443,0,0,77672,0,62136,0,0,30396,0,0,68408,0,0,70091,0,0,33655,0,0,23747,0,0,31562,0,0,0,0,57145,0,34845,0,75426,0,30564,0,0,0,0,19411,81223,0,0,0,54228,0,33682,0,0,53194,0,0,84083,0,68232,0,44321,0,0,54774,0,0,45500,0,38105,0,0,24768,0,0,47860,0,0,40694,0,50613,0,0,0,70871,0,32851,0,0,47362,57889,17675,0,45512,0,0,0,0,0,31780,0,0,45112,0,0,83444,0,0,48868,0,40023,0,51924,0,0,70964,0,33127,0,0,26916,0,0,35999,0,0,86862,0,58161,0,28576,0,45529,0,32518,0,0,0,62240,19092,0,42161,0,0,0,0,0,33251,0,0,46260,0,0,106529,0,0,59330,0,0,35075,0,0,40499,0,0,46556,0,34394,0,0,29013,0,0,44592,0,0,103132,0,66571,0,47595,0,37064,0,33308,0,0,110922,73554,16193,100783,45879,0,0,111137,0,0,0,33652.9855,0,0,46299.2385,0,0,107164.148,0,60209.1205,0,35431.149,0,41017.226,0,0,46661.71,0,34276.923,0,0,29323.59925,0,0,44265.5115,0,0,103126.995,0,66196.2125,0,46275.346,0,36619.021,0,33921.9875,0,0,110624.488,73468.28,16159.435
1114,"Sipna Shikshan Prasarak Mandal College of Engineering & Technology, Amravati ",111424610,2,Home,0,43100,0,0,62807,0,0,0,0,67934,83705,0,51256,74925,0,60499,0,0,48869,65147,0,48059,0,0,40925,0,0,82657,0,0,0,0,0,0,48642,0,0,0,44827,0,0,0,80336,26634,51827,0,0,0,0,0,46470,0,0,59691,0,0,0,0,0,0,64958,0,0,71287,0,0,0,0,49743,0,0,44627,0,0,49157,0,0,0,0,0,0,0,0,72106,0,46679,0,0,0,0,28180,0,68025,0,0,0,0,0,38036,0,0,52740,0,0,76355,0,0,50434,0,44399,0,71859,0,0,70993,0,42022,0,0,36769,0,0,54095,0,0,0,0,78143,0,49511,0,58693,0,41758,0,0,0,0,26912,0,53398,0,0,0,0,0,39660,0,0,48814,0,0,96993,0,0,56864,0,0,50740,0,0,49858,0,0,69229,0,40522,0,0,37388,0,0,47572,0,0,119968,0,50066,0,0,0,51963,0,39102,0,0,0,0,20750,0,56822,0,0,0,0,0,0,39173.874,0,0,48917.5115,0,0,98007.265,0,55217.8125,0,49969.153,0,49910.7465,0,0,68547.77,0,41013.905,0,0,37247.994,0,0,46661.642,0,0,120560.5643,0,50028.4165,0,14.87,0,51769.5305,0,38611.851,0,0,0,2.5265,20686.964
1114,"Sipna Shikshan Prasarak Mandal College of Engineering & Technology, Amravati ",111437210,3,Home,0,60248,56038,0,80362,81436,0,0,0,66313,0,0,0,0,0,72816,0,0,0,0,0,72324,74057,0,51955,0,0,79948,53185,0,0,0,0,0,0,0,0,0,59053,72693,0,0,0,30226,83306,0,0,0,0,0,71952,70645,0,86387,0,0,0,0,0,0,77513,0,0,81744,0,0,0,0,86029,0,0,62530,0,0,75805,0,0,0,0,0,0,74482,0,0,0,73714,81217,0,0,0,38577,0,85776,0,0,0,0,0,63081,0,0,85047,0,0,0,0,0,80254,0,77570,0,83777,92943,0,0,0,64779,0,0,61121,0,0,79739,0,0,0,0,0,0,72009,0,100279,0,60752,0,0,0,0,41938,0,84256,0,0,0,0,0,57711,0,0,74660,0,0,0,0,0,81145,84388,0,68734,0,0,75486,0,0,81193,0,60389,0,0,51365,0,0,68329,0,0,0,0,114964,0,0,0,66073,0,57178,0,0,0,91163,37931,0,82434,0,0,0,0,0,0,59838.763,5.1925,0,73686.5845,2.614,0,0,0,81462.4205,0,68452.963,0,75900.7815,13.394,0,81394.4315,0,60222.229,2.614,0,51803.8225,0,0,68486.254,2.614,0,0,0,114707.3175,0,17.8565,0,66107.542,0,55446.225,5.1925,0,0,90382.381,37274.59
1114,"Sipna Shikshan Prasarak Mandal College of Engineering & Technology, Amravati ",111461210,4,Home,0,43601,0,0,46969,60236,0,54034,0,46584,0,0,0,0,0,46273,0,0,68850,0,0,53780,0,0,50261,72882,0,0,0,0,0,0,84153,0,0,0,0,0,61890,0,0,0,0,28895,0,0,0,0,0,0,63713,0,0,80119,0,0,76163,0,0,0,0,0,0,0,0,0,0,0,71845,78308,0,77189,81177,0,0,0,0,0,0,0,0,0,0,0,0,80862,0,0,0,0,49206,0,83982,0,0,0,0,0,80031,80974,0,96069,97117,0,99023,0,0,100030,0,99770,0,0,0,0,0,0,95782,96902,0,84376,94496,0,0,0,0,0,0,0,0,0,0,0,0,0,0,0,0,0,65173,0,96854,0,0,0,0,0,89673,90798,0,110764,97562,0,93785,0,0,92800,114973,0,109756,0,0,117431,0,0,0,0,101761,99885,0,81147,81833,0,112621,113601,0,0,0,0,0,0,0,0,0,85788,107018,0,0,0,72345,0,112300,0,0,0,0,0,0,89310.968,90013.8155,0,111110.9625,97932.386,0,92286.637,0,92447.022,0,108583.8065,0,118338.3553,0,0,2.614,0,103316.7585,99075.28,0,81637.821,81656.8945,0,112498.064,113482.478,0,0,0,2.614,0,0,0,0,0,85753.3725,106729.2795,0,0,0,72403.0775
1116,"Shri Shivaji Education Society's College of Engineering and Technology, Akola ",111619110,1,Home,0,44451,44057,0,54570,58055,0,0,0,45958,0,0,56882,0,0,0,0,0,0,68012,0,48563,0,0,40011,0,0,49043,0,0,0,0,0,0,0,0,0,0,49617,0,0,0,0,30444,82723,0,0,0,0,0,83645,63122,0,86890,0,0,70545,0,86718,0,0,0,0,0,0,0,0,0,68871,86973,0,0,47803,0,0,0,0,0,0,64654,0,0,0,0,0,0,0,0,0,0,55274,0,87029,0,0,0,0,0,87052,85818,0,99937,0,0,0,0,0,0,0,0,0,0,0,0,0,0,98975,0,0,85396,96679,0,0,0,0,0,0,0,0,0,0,0,0,83043,0,0,0,0,63863,0,91397,0,0,0,0,0,97145,112280,0,113721,0,0,0,0,0,0,0,0,116759,118818,0,0,0,0,0,0,114658,121485,0,103524,0,0,0,120251,0,0,0,0,0,0,0,0,0,106879,110525,0,83828,0,76394,0,101266,0,0,0,0,0,0,97614.346,111785.008,0,112898.8315,2.5265,0,2.8795,0,5.105,0,118274.7788,0,0,0,0,0,0,114585.22,121247.0973,0,103576.2545,17.8655,0,2.5265,120560.5643,0,0,0,2.8795,0,0,0,0,0,106586.686,110420.842,0,83897.2155,0,76259.563
1116,"Shri Shivaji Education Society's College of Engineering and Technology, Akola ",111624210,2,Home,0,45602,0,0,64414,76590,0,0,0,0,0,0,50755,79712,0,65255,0,0,61608,0,0,56650,0,0,39742,0,0,48228,0,0,0,0,0,0,0,0,58487,0,44048,0,0,0,83414,34671,39867,0,0,0,0,0,59300,0,0,73966,0,0,79135,0,0,0,0,0,0,78923,0,0,0,0,73334,0,0,47238,0,0,67911,0,0,0,0,0,0,0,0,0,0,63717,52400,0,0,0,39486,0,73411,0,0,0,0,0,54198,0,0,65018,66370,0,0,0,0,59285,0,55979,0,85267,90619,0,0,0,59610,0,0,45696,0,0,57339,0,0,0,0,59345,0,61249,0,79724,0,54672,0,0,0,0,30357,0,73166,0,0,0,0,0,59880,0,0,74746,0,0,0,0,0,64605,0,0,60776,0,0,67242,0,0,93338,0,62463,0,0,48726,0,0,70798,0,0,0,0,68582,0,0,0,85282,0,60058,0,0,0,103395,42623,0,78338,0,0,0,0,0,0,60028.4455,0,0,74159.2305,14.87,0,2.8795,0,65938.946,0,60954.7705,0,68208.8855,13.4065,0,92606.166,0,62530.8525,0,0,48581.624,0,0,70723.717,0,0,0,0,68527.429,0,13.4065,0,85046.9215,0,59940.9515,2.8795,0,0,103582.194,42251.788
1116,"Shri Shivaji Education Society's College of Engineering and Technology, Akola ",111650710,5,Home,0,38086,0,0,47120,0,0,0,0,63795,0,0,40233,0,0,0,0,0,0,0,0,51804,0,0,31680,0,0,37377,0,0,0,0,0,0,0,0,0,0,48043,0,0,0,29354,24289,32860,0,0,0,0,0,84821,0,0,0,0,0,0,0,0,0,0,0,0,0,0,0,0,0,0,0,0,65071,0,0,0,0,0,0,0,0,0,0,0,0,0,87148,0,0,0,0,53003,0,73871,0,0,0,0,0,90748,91514,0,0,0,0,0,0,0,0,0,96370,0,91819,97349,0,0,0,99952,0,0,74680,0,0,99750,0,0,0,0,0,0,0,0,0,0,97438,0,0,0,0,0,0,99891,0,0,0,0,0,94719,0,0,118332,117836,0,0,0,0,0,0,0,115584,0,0,0,0,0,0,0,121418,120225,0,87211,0,0,92017,0,0,0,0,0,0,0,0,0,0,115352,0,0,0,0,0,0,121171,0,0,0,0,0,0,92691.8645,13.394,0,118480.7553,118344.3993,0,0,0,2.614,0,114938.61,0,13.394,13.394,0,0,0,121236.8208,120562.0073,0,87423.676,0,0,92452.0415,0,0,0,0,0,0,0,0,0,0,114898.394,0,0,0,2.614,5.1925
1116,"Shri Shivaji Education Society's College of Engineering and Technology, Akola ",111661210,4,Home,0,86481,46661,0,50783,0,0,0,0,0,0,0,61265,0,0,0,52594,0,0,0,0,55225,63505,0,72881,64769,0,0,0,0,0,0,0,0,0,0,0,0,0,0,0,0,0,39241,0,0,0,0,0,0,63056,88395,0,0,0,0,0,0,0,0,0,0,0,0,0,0,0,0,0,0,0,0,0,0,0,0,0,0,0,0,0,0,0,0,0,0,0,0,0,0,78858,0,84799,0,0,0,0,0,98597,0,0,0,0,0,0,0,0,0,0,0,0,0,0,0,0,0,0,0,0,81038,0,0,0,0,0,0,0,0,0,0,0,0,0,0,0,0,0,0,0,0,0,0,0,0,0,0,121327,119492,0,0,0,0,0,0,0,0,0,0,0,0,0,0,0,0,0,0,111244,119986,0,0,120745,0,0,0,0,0,0,0,0,0,0,0,0,0,0,0,0,0,0,0,121306,0,0,0,0,0,0,121220.8938,118452.4613,0,2.614,0,0,0,0,0,0,2.614,0,0,2.614,0,0,0,110722.05,120563.3033,0,14.8735,120875.1558,0,0,0,0,0,0,0,0,0,0,0,0,0,0,0,0,0,5.1925
1117,"Janata Shikshan Prasarak Mandalâ€™s Babasaheb Naik College Of Engineering, Pusad ",111719110,1,Home,0,49552,49986,0,86814,0,0,62961,0,55232,0,0,0,0,0,0,0,0,63310,0,0,62789,70338,0,60061,0,0,61768,56318,0,0,0,0,0,0,0,0,0,0,0,0,0,0,55666,59506,0,0,0,0,0,87073,0,0,0,0,0,0,0,0,0,0,0,0,0,0,0,0,0,0,0,0,77348,0,0,0,0,0,0,0,0,0,0,0,0,0,0,0,0,0,0,0,0,87881,0,0,0,0,0,100219,0,0,0,0,0,0,0,0,0,0,0,0,0,0,0,0,0,0,0,0,86298,0,0,0,0,0,0,0,0,0,0,0,0,0,0,0,0,0,0,0,0,91007,0,0,0,0,0,98771,96072,0,115127,0,0,0,0,0,99043,0,0,102186,0,0,118497,0,0,0,0,122003,0,0,101453,0,0,0,0,0,0,0,0,0,0,0,0,0,111124,0,0,0,0,0,0,101105,0,0,0,0,0,0,98220.53,97794.541,0,114891.203,0,0,2.5265,0,98844.568,0,102911.909,0,118516.8528,0,0,2.5265,0,122230.227,2.5265,0,103270.575,0,0,2.5265,2.5265,0,0,0,0,0,0,0,0,0,110525.024,0,0,0,0,2.5265
1117,"Janata Shikshan Prasarak Mandalâ€™s Babasaheb Naik College Of Engineering, Pusad ",111724210,2,Home,0,33945,0,0,62683,79120,0,0,0,0,40942,0,45518,0,0,0,0,0,0,0,0,45753,0,0,24126,0,0,37834,0,0,0,0,35357,0,0,0,27889,0,46807,43562,0,0,0,40561,56445,0,0,0,0,0,67067,0,0,0,0,0,0,0,0,0,77091,0,0,76193,0,0,0,0,85726,0,0,49629,0,0,83461,0,0,0,0,0,0,0,0,0,0,88092,71349,0,0,0,23691,0,54317,0,0,0,0,0,59280,0,0,67164,0,0,0,0,0,66756,0,60212,0,88563,0,0,0,0,69417,0,0,62301,0,0,91593,74280,0,0,0,0,0,0,0,0,0,72002,0,0,0,0,0,0,61379,0,0,0,0,0,65842,0,0,81784,0,0,104614,0,0,67373,0,0,69455,0,0,73273,0,0,95619,0,75196,0,0,53391,0,0,84576,0,0,73086,0,0,0,0,0,0,0,66550,67903,0,0,0,31207,0,66488,0,0,0,0,0,0,65869.0215,0,0,81361.729,2.5265,0,103776.352,0,68055.0965,0,68670.0775,0,73441.1975,0,0,98049.348,0,75797.095,0,0,52810.956,0,0,84717.7675,13.4065,0,73283.5295,0,2.5265,0,0,0,2.5265,0,66410.7115,68309.204,0,0,0,31458.212
1117,"Janata Shikshan Prasarak Mandalâ€™s Babasaheb Naik College Of Engineering, Pusad ",111735610,3,Home,0,64015,30498,0,0,0,0,0,0,0,0,0,0,0,0,0,0,0,0,0,0,0,0,0,65881,36614,0,0,0,0,0,0,0,0,0,0,0,0,0,0,0,0,0,75272,0,0,0,0,0,0,84539,0,0,0,0,0,0,0,0,0,0,0,0,0,0,0,0,0,0,0,0,0,0,0,0,0,0,0,0,0,0,0,0,0,0,0,0,0,0,0,0,0,0,0,0,0,0,0,0,0,0,0,0,0,0,0,0,0,0,0,0,0,0,0,0,0,0,0,0,74696,0,0,0,0,0,0,0,0,0,0,0,0,0,0,0,0,0,0,0,0,0,0,0,0,0,0,88546,0,0,115012,116872,0,0,0,0,0,0,0,94919,0,0,106370,0,0,0,0,100150,105359,0,88197,0,0,0,0,0,0,0,0,0,0,0,0,0,99726,0,0,0,0,0,0,85935,0,0,0,0,0,0,89508.861,2.614,0,114707.3175,118344.3993,0,0,0,0,0,98063.9325,0,106172.269,0,0,0,0,99367.7165,104863.84,0,87466.2465,2.614,0,0,0,0,0,0,0,0,0,0,0,0,99348.7915,0,0,0,0,2.614
1117,"Janata Shikshan Prasarak Mandalâ€™s Babasaheb Naik College Of Engineering, Pusad ",111761210,4,Home,0,56817,58121,0,68170,0,0,0,0,0,75177,0,0,0,0,67709,0,0,0,0,0,66530,0,0,68608,37266,0,0,0,0,0,0,0,0,0,0,0,0,0,0,0,0,0,40458,0,0,0,0,0,0,64511,0,0,0,0,0,0,0,0,0,0,0,0,0,0,0,0,0,0,0,0,0,0,0,0,0,0,0,0,0,0,0,0,0,0,0,0,0,0,0,0,0,0,0,0,0,0,0,89193,0,0,0,0,0,0,0,0,0,0,0,0,0,0,0,0,0,0,0,0,90506,0,0,0,0,0,0,0,0,0,0,0,0,0,0,0,0,0,0,0,0,95396,0,0,0,0,0,101655,103772,0,0,0,0,0,0,0,112795,112599,0,109557,0,0,108917,115144,0,0,0,110409,108298,0,108437,104257,0,116081,0,0,0,0,0,0,0,0,0,0,0,120460,0,0,0,0,0,115112,0,0,0,0,0,0,103607.2575,103843.722,0,2.614,0,0,0,0,113417.3325,0,108123.299,0,108459.0775,114950.99,0,0,0,110636.147,108053.573,0,108866.1105,103939.833,0,114950.99,0,0,0,0,0,0,0,0,0,0,0,120562.0073,0,0,0,2.614
1119,"Paramhansa Ramkrishna Maunibaba Shikshan Santha's , Anuradha Engineering College, Chikhali ",111924210,2,Home,0,33925,0,0,45121,48161,0,0,0,44518,0,0,40196,0,0,43766,0,0,0,0,0,38288,0,0,33485,0,0,39930,0,0,0,0,0,0,0,0,44326,0,29245,25587,0,0,0,22760,23996,0,0,0,0,0,54909,0,0,77756,0,0,0,0,58942,0,0,0,0,77203,0,0,69619,0,73757,75984,0,44730,0,0,87130,0,0,0,0,0,0,0,0,0,0,58481,0,0,0,0,34157,0,64865,0,0,0,0,0,57483,0,0,72979,74731,0,0,0,0,78306,0,69153,0,95517,99568,0,79938,0,63996,0,0,45800,0,0,99525,84349,0,0,0,0,0,0,0,0,0,63875,0,0,0,0,34122,0,73940,0,0,0,0,0,55510,0,0,71782,0,0,0,0,0,74384,0,0,59687,0,0,64836,0,0,67706,0,60106,0,0,64156,0,0,79876,0,0,0,0,0,0,0,0,0,0,65456,0,0,106681,97406,31622,0,83218,0,0,0,0,0,0,55324.731,0,0,72017.8695,14.87,0,0,0,73812.395,0,60089.428,0,66029.745,13.4065,0,68224.347,0,60077.977,2.8795,0,62830.441,0,0,80016.543,13.4065,0,0,0,0,0,0,0,2.5265,0,65936.522,2.5265,0,106043.522,98049.348,31552.6785
1119,"Paramhansa Ramkrishna Maunibaba Shikshan Santha's , Anuradha Engineering College, Chikhali ",111924610,2,Home,0,28931,0,0,49916,0,0,0,0,49709,59897,0,41477,0,0,49808,0,0,0,0,0,40366,0,0,31344,0,0,48332,38402,0,56103,0,0,0,0,0,0,0,37774,0,0,0,0,23550,29162,0,0,0,39648,0,68888,0,0,83204,83650,0,0,0,77246,0,0,0,0,0,0,0,0,0,82147,0,0,71155,61121,0,76239,0,0,0,0,0,0,0,0,84201,0,74483,0,0,0,0,45649,0,0,0,0,0,0,0,65763,0,0,79608,82069,0,0,0,0,0,0,89596,0,72630,86166,0,66260,0,83668,84485,0,85159,77011,0,98235,67038,0,0,0,0,0,0,0,0,0,0,0,0,0,0,44829,0,96235,0,0,0,0,0,66600,0,0,79017,0,0,0,0,0,85503,0,0,69328,0,0,81205,0,0,82946,0,70601,0,0,67384,0,0,91941,92071,0,0,0,0,0,0,0,0,0,70622,0,0,0,103612,42126,0,94920,0,0,0,0,0,0,66396.5885,0,0,79383.184,17.8655,0,0,0,85729.0755,0,68564.688,0,81425.7035,13.4065,0,82954.741,0,70728.4475,13.4065,0,68191.0675,17.8655,0,92393.8375,92680.7385,0,2.5265,0,0,0,0,0,2.8795,0,70595.662,0,0,0,103460.6335,42160.0075
1119,"Paramhansa Ramkrishna Maunibaba Shikshan Santha's , Anuradha Engineering College, Chikhali ",111937210,3,Home,0,54763,41431,0,55764,0,0,0,0,0,0,0,0,0,0,0,0,0,60060,0,0,60549,63840,0,52238,62925,0,82126,0,0,0,0,0,0,0,0,0,0,0,0,0,0,0,37563,0,0,0,0,0,0,79273,0,0,0,0,0,0,0,0,0,0,0,0,0,0,0,0,0,0,0,0,82091,0,0,0,0,0,0,0,0,0,0,0,0,0,0,0,0,0,0,0,0,0,0,0,0,0,0,99653,0,0,0,0,0,0,0,0,0,0,0,0,0,0,0,0,0,0,0,0,97672,0,0,0,0,0,0,0,0,0,0,0,0,0,0,0,0,0,0,0,0,0,0,0,0,0,0,87154,0,0,96360,94768,0,0,0,0,0,0,0,90444,107037,0,0,0,0,119565,0,92420,94799,0,85572,0,0,92099,93995,0,0,0,0,0,0,0,0,0,93777,0,0,0,0,0,0,120892,0,0,0,0,0,0,87141.3165,2.614,0,97933.085,92964.777,0,0,0,0,0,90313.1325,0,0,0,0,118679.0673,0,92482.3805,92852.257,0,85590.029,2.614,0,92482.3805,92955.0365,0,0,0,0,0,0,0,0,0,92576.5325,0,0,0,0,2.614
1119,"Paramhansa Ramkrishna Maunibaba Shikshan Santha's , Anuradha Engineering College, Chikhali ",111950710,5,Home,0,42786,0,0,60001,0,0,0,0,0,0,0,0,0,0,0,0,0,55727,0,0,58947,0,0,51409,0,0,60202,0,0,0,0,0,0,0,0,0,0,0,0,0,0,0,24590,0,0,0,0,0,0,87996,0,0,0,0,0,0,0,0,0,0,0,0,0,0,0,0,0,0,0,0,62172,0,0,0,0,0,0,0,0,0,0,0,0,0,0,0,0,0,0,42696,0,88178,0,0,0,0,0,38102,0,0,0,0,0,0,0,0,0,0,0,0,0,0,0,0,0,0,0,0,0,0,0,0,0,0,0,0,0,0,0,0,0,0,0,0,0,0,0,0,0,0,0,0,0,0,0,122243,0,0,0,0,0,0,0,0,0,0,0,0,0,0,0,0,0,0,0,0,0,0,97339,0,0,0,0,0,0,0,0,0,0,0,0,0,0,0,0,0,0,0,0,0,0,0,0,0,0,0,122218.3885,0,0,2.614,0,0,0,0,0,0,0,0,0,0,0,2.614,0,2.614,0,0,97659.106,0,0,2.614,0,0,0,0,0,0,0,0,0,0,0,0,0,0,0,5.1925
1119,"Paramhansa Ramkrishna Maunibaba Shikshan Santha's , Anuradha Engineering College, Chikhali ",111961210,4,Home,0,70300,0,0,51186,0,0,0,0,54250,59654,0,0,59706,0,0,76858,0,62274,0,0,65540,62905,0,0,0,0,0,0,0,0,0,59084,0,0,0,0,0,0,0,0,0,0,33821,0,0,0,0,0,0,85672,87051,0,0,0,0,0,0,0,0,0,0,0,0,0,0,0,0,0,0,0,59653,0,0,0,0,0,0,0,0,0,0,0,0,0,0,0,0,0,0,0,0,0,0,0,0,0,0,99289,0,0,0,0,0,0,0,0,0,0,0,0,0,0,0,0,0,0,0,0,0,0,0,0,0,0,0,0,0,0,0,0,0,0,0,0,0,0,0,0,0,74009,0,0,0,0,0,117024,109290,0,112648,0,0,0,0,0,113015,0,0,0,0,0,0,0,0,121982,0,113922,120338,0,114548,113960,0,0,0,0,0,0,0,0,0,0,0,0,0,0,0,0,0,0,0,104736,0,0,0,0,0,0,118216.5858,108577.9815,0,112397.5135,0,0,0,0,113393.017,0,0,0,0,2.614,0,122227.6595,0,113459.793,120563.3033,0,114649.573,113482.478,0,0,0,0,0,0,2.614,0,0,0,0,0,0,0,0,0,0,2.614
1120,"Jawaharlal Darda nstitute of Engineering and Technology, Yavatmal ",112019110,1,Linguistic,0,44385,47783,0,0,0,0,0,0,0,0,0,0,0,0,0,0,0,0,0,0,0,0,0,40762,0,0,0,0,0,0,0,0,0,0,0,0,0,0,0,0,0,0,36730,0,0,84691,0,0,0,63297,67017,0,0,0,0,0,0,0,0,0,0,0,0,0,0,0,0,0,0,0,68018,69318,0,0,0,0,0,0,0,0,0,0,0,0,0,0,0,0,0,46822,0,0,0,54995,0,0,0,96019,0,0,0,0,0,0,0,0,0,0,0,0,0,0,0,0,0,0,0,0,97378,0,0,0,0,0,0,0,0,0,0,0,0,0,0,0,0,0,0,63411,0,0,0,0,0,0,0,116756,115624,0,0,0,0,0,0,0,0,0,0,0,0,0,0,0,0,0,0,0,0,0,105077,106551,0,0,0,0,0,0,0,0,0,0,0,0,0,0,0,0,0,0,0,0,0,0,0,0,0,0,118167.6003,114871.461,0,0,0,0,0,0,0,0,0,0,0,0,0,0,0,0,0,0,105289.0225,106310.088,0,0,0,0,0,0,0,0,0,0,0,0,0,0,0,0,0,19.0065
1120,"Jawaharlal Darda nstitute of Engineering and Technology, Yavatmal ",112024210,2,Linguistic,0,47706,0,0,0,0,0,0,0,0,0,0,0,0,0,0,0,0,0,0,0,0,0,0,26971,0,0,0,0,0,0,0,0,0,0,0,0,0,0,0,0,0,0,21651,0,0,62767,0,0,0,42302,0,0,0,0,0,0,0,0,0,0,0,0,0,0,0,0,0,0,0,0,34776,0,0,0,0,0,0,0,0,0,0,0,0,0,0,0,0,0,0,20913,0,0,0,69799,0,0,0,48711,0,0,0,0,0,0,0,0,0,0,0,0,0,0,0,0,0,0,0,0,30669,0,0,0,0,0,0,0,0,0,0,0,0,0,0,0,0,0,0,26447,0,0,0,0,99998,0,0,41012,0,0,0,0,0,0,0,0,0,0,0,0,0,0,0,0,0,0,0,0,0,0,38607,0,0,0,0,0,0,0,0,0,0,0,0,0,0,0,0,0,0,26885,0,0,0,0,0,104624,0,0,41299.387,0,0,0,0,0,0,0,0,0,0,0,0,0,0,0,0,0,0,0,38546.728,0,0,0,0,0,0,0,0,0,0,0,0,0,0,0,0,0,0,26681.5825
1120,"Jawaharlal Darda nstitute of Engineering and Technology, Yavatmal ",112029310,3,Linguistic,0,81147,59421,0,0,0,0,0,0,0,0,0,0,0,0,0,0,0,0,0,0,0,0,0,55499,0,0,0,0,0,0,0,0,0,0,0,0,0,0,0,0,0,0,34057,0,0,0,0,0,0,85380,79567,0,0,0,0,0,0,0,0,0,0,0,0,0,0,0,0,0,0,0,81386,76702,0,0,0,0,0,0,0,0,0,0,0,0,0,0,0,0,0,47053,0,0,0,0,0,0,0,86797,98652,0,0,0,0,0,0,0,0,0,0,0,0,0,0,0,0,0,0,0,92828,96418,0,0,0,0,0,0,0,0,0,0,0,0,0,0,0,0,0,71992,0,0,0,0,0,0,0,95532,93708,0,0,0,0,0,0,0,0,0,0,0,0,0,0,0,0,0,0,0,0,0,95084,90655,0,0,0,0,0,0,0,0,0,0,0,0,0,0,0,0,0,0,0,0,0,0,0,0,0,0,97756.631,92313.8935,0,0,0,0,0,0,0,0,0,0,0,0,0,0,0,0,0,0,97638.578,90025.5855,0,0,0,0,0,0,0,0,0,0,0,0,0,0,0,0,0,19.0145
1120,"Jawaharlal Darda nstitute of Engineering and Technology, Yavatmal ",112037210,3,Linguistic,0,69270,71305,0,0,0,0,0,0,0,0,0,0,0,0,0,0,0,0,0,0,0,0,0,55949,49655,0,0,0,0,0,0,0,0,0,0,0,0,0,0,0,0,0,41712,0,0,0,0,0,0,78553,69130,0,0,0,0,0,0,0,0,0,0,0,0,0,0,0,0,0,0,0,56880,0,0,0,0,0,0,0,0,0,0,0,0,0,0,0,0,0,0,30383,0,0,0,0,0,0,0,72963,0,0,0,0,0,0,0,0,0,0,0,0,0,0,0,0,0,0,0,0,62542,0,0,0,0,0,0,0,0,0,0,0,0,0,0,0,0,0,0,42176,0,0,0,0,0,0,0,60186,0,0,0,0,0,0,0,0,0,0,0,0,0,0,0,0,0,0,0,0,0,0,54562,0,0,0,0,0,0,0,0,0,0,0,0,0,0,0,0,0,0,50881,0,0,0,0,0,0,0,0,60220.167,5.1925,0,0,0,0,0,0,0,0,0,0,0,0,0,0,0,0,0,0,54229.6335,2.614,0,0,0,0,0,0,0,0,0,0,0,0,0,0,0,0,0,50287.801
1120,"Jawaharlal Darda nstitute of Engineering and Technology, Yavatmal ",112050710,5,Linguistic,0,53940,0,0,0,0,0,0,0,0,0,0,0,0,0,0,0,0,0,0,0,0,0,0,50571,0,0,0,0,0,0,0,0,0,0,0,0,0,0,0,0,0,0,25443,0,0,0,0,0,0,87814,0,0,0,0,0,0,0,0,0,0,0,0,0,0,0,0,0,0,0,0,58331,0,0,0,0,0,0,0,0,0,0,0,0,0,0,0,0,0,0,43936,0,0,0,0,0,0,0,69347,0,0,0,0,0,0,0,0,0,0,0,0,0,0,0,0,0,0,0,0,57159,0,0,0,0,0,0,0,0,0,0,0,0,0,0,0,0,0,0,0,0,0,0,0,0,0,0,113573,0,0,0,0,0,0,0,0,0,0,0,0,0,0,0,0,0,0,0,0,0,0,104620,0,0,0,0,0,0,0,0,0,0,0,0,0,0,0,0,0,0,0,0,0,0,0,0,0,0,0,113478.8935,0,0,0,0,0,0,0,0,0,0,0,0,0,0,0,0,0,0,0,103571.939,0,0,0,0,0,0,0,0,0,0,0,0,0,0,0,0,0,0,5.1925
1120,"Jawaharlal Darda nstitute of Engineering and Technology, Yavatmal ",112061210,4,Linguistic,0,69017,66333,0,0,0,0,0,0,0,0,0,0,0,0,0,0,0,0,0,0,0,0,0,0,0,0,0,0,0,0,0,0,0,0,0,0,0,0,0,0,0,0,45661,0,0,0,0,0,0,87388,77045,0,0,0,0,0,0,0,0,0,0,0,0,0,0,0,0,0,0,0,80704,87151,0,0,0,0,0,0,0,0,0,0,0,0,0,0,0,0,0,62598,0,0,0,0,0,0,0,85566,95601,0,0,0,0,0,0,0,0,0,0,0,0,0,0,0,0,0,0,0,79398,0,0,0,0,0,0,0,0,0,0,0,0,0,0,0,0,0,0,53577,0,0,0,0,0,0,0,107712,104493,0,0,0,0,0,0,0,0,0,0,0,0,0,0,0,0,0,0,0,0,0,113851,111942,0,0,0,0,0,0,0,0,0,0,0,0,0,0,0,0,0,0,0,0,0,0,0,120099,0,0,107860.878,104547.309,0,0,0,0,0,0,0,0,0,0,0,0,0,0,0,0,0,0,113453.8225,112262.9085,0,0,0,0,0,0,0,0,0,0,0,0,0,0,0,0,0,19.0145
1120,"Jawaharlal Darda nstitute of Engineering and Technology, Yavatmal ",112089310,5,Linguistic,0,81136,0,0,0,0,0,0,0,0,0,0,0,0,0,0,0,0,0,0,0,0,0,0,81880,0,0,0,0,0,0,0,0,0,0,0,0,0,0,0,0,0,0,32588,0,0,73789,0,0,0,87643,0,0,0,0,0,0,0,0,0,0,0,0,0,0,0,0,0,0,0,0,71908,0,0,0,0,0,0,0,0,0,0,0,0,0,0,0,0,0,0,72361,0,0,0,0,0,0,0,100418,0,0,0,0,0,0,0,0,0,0,0,0,0,0,0,0,0,0,0,0,99373,0,0,0,0,0,0,0,0,0,0,0,0,0,0,0,0,0,0,0,0,0,0,0,0,0,0,118786,0,0,0,0,0,0,0,0,0,0,0,0,0,0,0,0,0,0,0,0,0,0,110845,0,0,0,0,0,0,0,0,0,0,0,0,0,0,0,0,0,0,0,0,0,0,0,0,0,0,0,118285.1843,0,0,0,0,0,0,0,0,0,0,0,0,0,0,0,0,0,0,0,110824.6375,0,0,0,0,0,0,0,0,0,0,0,0,0,0,0,0,0,0,5.1925
1121,"Shri Hanuman Vyayam Prasarak Mandals College of Engineering & Technology, Amravati ",112124210,2,Home,0,37368,0,0,71138,73608,0,0,0,0,0,0,53429,0,0,0,0,0,0,0,0,44454,0,0,42136,0,0,52582,0,0,0,0,0,0,0,0,0,0,43799,0,0,0,0,24560,65131,0,0,0,0,0,45022,0,0,52938,0,0,82412,0,48809,0,0,83536,0,76413,0,0,0,0,50182,0,0,43042,0,0,61338,0,0,81338,0,0,0,0,0,0,0,46585,0,0,0,0,31440,0,80623,0,0,0,0,0,44175,0,0,53037,0,0,96179,0,0,55152,0,55256,0,65470,70230,0,0,0,45307,0,0,42139,0,0,59606,0,0,87452,0,0,0,0,0,0,0,43648,0,0,0,0,28789,0,61661,0,0,0,0,0,43472,0,0,52722,0,0,0,0,0,44219,0,0,48589,0,0,49659,0,0,84259,0,46551,0,0,38707,0,0,52573,0,0,110735,0,0,0,0,0,0,0,45730,0,0,118959,109973,30011,0,58774,0,0,0,0,0,0,44161.7275,0,0,52777.962,2.5265,0,17.8655,0,43992.0015,0,48997.8455,0,49874.1235,13.4065,0,84885.8325,0,46307.9635,0,0,38609.089,0,0,52796.8665,0,0,110912.7385,0,0,0,0,0,0,0,45984.577,0,0,118639.2453,107840.8545,29392.45275
1121,"Shri Hanuman Vyayam Prasarak Mandals College of Engineering & Technology, Amravati ",112124610,2,Home,0,43453,0,0,60786,83191,0,54621,0,0,0,0,0,0,0,0,0,0,0,0,0,48518,0,0,33782,0,0,39105,0,0,0,0,0,0,0,0,0,0,38701,0,0,0,0,28118,48950,0,0,0,0,0,59208,0,0,73675,77528,0,0,0,65928,0,0,0,0,71390,0,0,0,0,62179,65256,0,54652,0,0,65199,67531,0,0,0,0,0,53321,0,0,0,59054,0,0,0,0,41356,0,87112,0,0,0,0,0,49614,0,0,60957,0,0,0,0,0,55246,0,55420,0,72899,76581,0,0,0,51966,0,0,49372,0,0,63454,0,0,0,0,0,0,0,0,0,0,50670,0,0,0,0,35403,0,82740,0,0,0,0,0,51395,0,0,59572,0,0,0,0,0,53513,0,0,55147,0,0,58873,0,0,68118,0,53278,0,0,50398,0,0,62028,0,0,0,0,0,0,0,0,0,0,51352,0,0,0,0,35631,0,78865,0,0,0,0,0,0,51820.69,0,0,60047.761,5.105,0,2.5265,0,52729.584,0,55092.0335,0,59789.829,13.4065,0,68228.347,0,52885.696,2.8795,0,49969.2975,0,0,60878.013,2.8795,0,0,0,0,0,2.8795,0,0,0,51820.69,0,0,0,0,36017.9705
1121,"Shri Hanuman Vyayam Prasarak Mandals College of Engineering & Technology, Amravati ",112137210,3,Home,0,83544,39099,0,0,0,0,0,0,0,0,0,0,0,0,0,0,0,0,0,0,0,0,0,74351,68083,0,0,0,0,0,0,0,0,0,0,0,0,80213,77252,0,0,0,39008,0,0,0,0,0,0,77751,77652,0,79497,81737,0,0,0,0,0,87354,0,0,83545,0,0,0,0,79866,81623,0,76819,59565,0,68229,0,0,0,0,0,0,0,0,0,0,65936,80377,0,0,0,53840,0,60624,0,0,0,0,0,64409,0,0,68089,76207,0,95567,0,0,67823,0,0,0,76826,0,0,0,0,68115,69159,0,63127,0,0,64584,0,0,0,0,0,0,0,0,0,0,63978,60840,0,0,0,51364,0,92804,0,0,0,0,0,61496,0,0,68975,0,0,0,0,0,90682,0,0,0,0,0,87134,0,0,117865,0,63083,0,0,59748,0,0,65459,0,0,0,0,0,0,0,0,0,0,61837,0,0,0,0,59055,0,90571,0,0,0,0,0,0,61115.7505,5.1925,0,68473.9065,17.8565,0,13.394,0,90575.234,0,2.8955,0,87390.8005,0,0,118344.3993,0,62481.81,17.8565,0,60046.314,5.1925,0,66080.145,0,0,0,0,0,0,0,0,0,0,61052.098,19.0145,0,0,0,60112.39
1121,"Shri Hanuman Vyayam Prasarak Mandals College of Engineering & Technology, Amravati ",112161210,4,Home,0,78268,44868,0,0,0,0,0,0,0,0,0,0,0,0,0,0,0,0,0,0,0,0,0,74047,0,0,0,0,0,0,0,0,0,0,0,0,0,0,0,0,0,0,0,0,0,0,0,0,0,73981,71484,0,78509,82533,0,85736,0,0,0,86212,0,0,0,0,0,0,0,81349,0,0,83044,46902,0,88192,0,0,0,0,0,0,0,0,0,0,0,0,0,0,0,61245,0,77036,0,0,0,0,0,76206,73090,0,78323,80343,0,0,0,0,86617,0,0,0,80540,0,0,0,0,84542,85366,0,78454,72378,0,86953,0,0,0,0,0,0,0,0,0,0,84000,73008,0,0,0,78501,0,99859,0,0,0,0,0,76489,0,0,82901,76780,0,0,0,0,109303,0,0,111884,0,0,0,0,0,0,0,82981,0,0,63570,72848,0,80950,0,0,0,0,0,0,0,0,0,0,82030,0,0,114556,0,79162,0,109724,0,0,0,0,0,0,76020.6235,19.0145,0,82893.153,77058.0835,0,2.8955,0,108624.353,0,112262.9085,0,13.394,0,0,0,0,82869.1945,13.394,0,62636.402,72367.751,0,80320.989,0,0,0,0,0,0,0,0,0,0,82693.142,13.394,0,114673.2125,0,79396.8145
1123,"Dr.Rajendra Gode nstitute of Technology & Research, Amravati ",112319110,1,Home,0,79817,38715,0,0,0,0,0,0,0,0,0,0,0,0,0,0,0,0,0,0,85678,0,0,85944,0,0,0,0,0,0,0,0,0,0,0,0,0,0,0,0,0,0,0,0,0,0,0,0,0,80389,81592,0,0,0,0,0,0,0,0,0,0,0,0,0,0,0,0,0,0,0,0,52146,0,0,0,0,0,0,0,0,0,0,0,0,0,0,0,0,0,76990,0,63982,0,0,0,0,0,96916,100469,0,0,0,0,0,0,0,0,0,0,0,0,0,0,0,0,0,0,0,98765,97923,0,0,0,0,0,0,0,0,0,0,0,0,0,0,0,0,0,0,0,82190,0,0,0,0,0,112488,0,0,119072,0,0,0,0,0,0,0,0,121909,0,0,0,0,0,0,0,121051,115197,0,108315,108842,0,119210,120617,0,0,0,0,0,0,0,0,0,113218,117958,0,0,0,0,0,120242,0,0,0,0,0,0,111748.735,19.0065,0,118639.2453,0,0,0,0,0,0,122231.9245,0,0,0,0,0,0,121009.1563,114929.182,0,108559.657,108550.1365,0,118639.2453,120560.5643,0,0,0,0,0,0,0,0,0,112815.9695,118343.6503,0,0,0,2.8795
1123,"Dr.Rajendra Gode nstitute of Technology & Research, Amravati ",112324210,2,Home,0,57608,50635,0,0,0,0,0,0,0,0,0,0,0,0,0,0,0,0,0,0,64481,65222,0,47540,39319,0,0,48875,0,0,0,0,0,0,0,0,0,57829,45093,0,0,0,46974,0,0,0,0,0,0,60279,0,0,74938,74990,0,0,0,0,0,72833,0,0,0,0,0,0,0,64893,65383,0,54607,0,0,56864,52639,0,0,0,0,0,0,0,87799,0,59890,0,0,0,0,44051,0,88135,0,0,0,0,0,47676,0,0,66817,0,0,0,0,0,62551,0,57148,0,80125,83985,0,0,0,51804,0,0,47022,0,0,58082,0,0,0,0,0,0,0,0,0,0,49307,0,0,0,0,40411,0,89033,0,0,0,0,0,59024,0,0,63234,0,0,112629,0,0,64114,0,0,59130,0,0,61611,0,0,78972,0,63281,0,0,56288,0,0,63395,0,0,0,0,0,0,0,0,0,0,59586,0,0,0,113238,44051,0,66371,0,0,0,0,0,0,60126.406,2.5265,0,62410.9065,2.8795,0,111901.1825,0,62626.0535,0,59640.7655,0,61017.0985,13.4065,0,79465.34,0,62649.7305,5.105,0,55306.278,2.5265,0,62339.4205,5.105,0,0,0,0,0,0,0,2.8795,0,60135.98,2.5265,0,0,112815.9695,44172.3385
1123,"Dr.Rajendra Gode nstitute of Technology & Research, Amravati ",112337210,3,Home,0,69333,46537,0,0,0,0,0,0,0,0,0,0,0,0,0,0,0,0,0,0,0,0,0,86753,61213,0,0,0,0,0,0,0,0,0,0,0,0,0,0,0,0,0,0,0,0,0,0,0,0,84712,80735,0,88027,0,0,0,0,0,0,0,0,0,0,0,0,0,0,86297,0,0,68360,68778,0,85338,0,0,0,0,0,0,0,0,0,0,84046,0,0,0,0,80830,0,0,0,0,0,0,0,82905,79925,0,99729,0,0,98323,0,0,0,0,88788,0,0,0,0,0,0,92113,96939,0,74060,83596,0,91459,99019,0,0,0,0,0,0,0,0,0,89467,86257,0,0,0,74653,0,98580,0,0,0,0,0,79499,0,0,91703,0,0,0,0,0,106584,111337,0,89144,0,0,92098,0,0,0,0,86199,0,0,82530,0,0,93883,93978,0,0,0,0,0,0,0,0,0,84115,0,0,0,0,67457,0,111295,0,0,0,0,0,0,79504.242,19.0145,0,92391.901,0,0,13.394,0,106309.141,0,89113.6785,0,92571.359,0,0,0,0,85770.174,13.394,0,82859.246,19.0145,0,92772.7885,92924.7115,0,0,0,0,0,0,0,0,0,83813.845,13.394,0,0,0,68032.3335
1123,"Dr.Rajendra Gode nstitute of Technology & Research, Amravati ",112361210,4,Home,0,83087,41881,0,0,0,0,0,0,0,0,0,0,0,0,0,0,0,0,0,0,0,0,0,67730,0,0,0,0,0,0,0,0,0,0,0,0,0,0,0,0,0,0,0,0,0,0,0,0,0,88356,61170,0,0,0,0,0,0,0,0,0,0,0,0,0,0,0,0,0,0,0,82725,0,0,0,0,0,0,0,0,0,0,0,0,0,0,0,0,0,0,0,0,0,0,0,0,0,0,86119,93042,0,0,0,0,0,0,0,0,0,0,0,0,0,0,0,0,99516,0,0,78785,82211,0,91749,0,0,0,0,0,0,0,0,0,0,0,0,0,0,0,0,0,0,0,0,0,0,0,117711,110487,0,0,0,0,119815,0,0,0,0,0,121829,0,0,0,0,0,0,0,116497,119464,0,0,0,0,0,0,0,0,0,0,0,0,0,0,0,0,0,0,0,0,110515,0,115897,0,0,0,0,0,0,118144.9388,110962.4645,0,0,0,0,120562.0073,0,0,0,122229.357,0,0,0,0,0,0,115037.157,118680.8073,0,19.0145,13.394,0,13.394,0,0,0,0,0,0,0,0,0,0,0,0,0,0,0,110726.6715
1125,"Dwarka Bahu Uddeshiya Gramin Vikas Foundation, Rajarshri Shahu College of Engineering, Buldhana ",112524210,2,Home,0,64377,60219,0,0,0,0,0,0,0,0,0,0,0,0,0,0,0,0,0,0,0,0,0,59109,22846,0,0,0,0,0,0,0,0,0,0,0,0,79038,55786,0,0,0,0,0,0,0,0,0,0,81678,84345,0,0,0,0,0,0,0,0,0,0,0,0,0,0,0,0,0,0,0,67694,0,0,0,0,0,0,0,0,0,0,0,0,0,0,0,0,0,0,62957,0,0,0,0,0,0,0,71757,0,0,89703,0,0,0,0,0,96161,0,0,0,0,0,0,0,0,78734,0,0,59888,0,0,0,0,0,0,0,0,0,0,0,0,0,83041,76138,0,0,0,0,0,87736,0,0,0,0,0,76665,0,0,77427,0,0,0,0,0,84717,0,0,84915,0,0,97333,0,0,0,0,77582,0,0,73824,80760,0,98691,0,0,0,0,0,0,0,0,0,0,81631,0,0,0,0,0,0,108118,0,0,0,0,0,0,76191.771,5.105,0,77191.1275,0,0,0,0,84906.2025,0,85134.549,0,98049.348,0,0,0,0,77199.6165,0,0,73632.3775,80510.5185,0,98561.89,0,0,0,0,0,0,0,0,0,0,81500.311,14.87,0,0,0,2.8795
1126,"Shri. Dadasaheb Gawai Charitable Trust's Dr. Smt. Kamaltai Gawai nstitute of Engineering & Technology, Darapur, Amravati ",112619110,1,Home,0,55835,42093,0,62969,0,0,0,0,0,0,0,0,0,0,67729,0,0,0,0,0,79770,0,0,57725,63344,0,0,0,0,0,0,0,0,0,0,0,0,68185,0,0,0,0,60562,0,0,0,0,0,0,88560,67287,0,0,0,0,0,0,0,0,0,0,0,0,0,0,0,0,0,0,0,88615,0,0,0,0,0,0,0,0,0,0,0,0,0,0,0,0,0,0,40474,0,86723,0,0,0,0,0,100594,0,0,0,0,0,0,0,0,0,0,0,0,0,0,0,0,0,0,0,0,83932,0,0,0,0,0,0,0,0,0,0,0,0,0,0,0,0,0,0,0,0,0,0,0,0,0,0,122138,121296,0,0,0,0,0,0,0,0,0,0,0,0,0,0,0,0,0,0,0,0,0,115821,0,0,0,0,0,0,0,0,0,0,0,0,0,0,0,0,0,0,0,0,0,0,0,0,0,0,0,122192.163,121256.9408,0,2.5265,0,0,0,0,0,0,0,0,2.5265,0,0,0,0,2.5265,0,0,114849.343,2.5265,0,0,0,0,0,0,0,0,0,0,0,0,2.5265,0,0,0,0,5.105
1126,"Shri. Dadasaheb Gawai Charitable Trust's Dr. Smt. Kamaltai Gawai nstitute of Engineering & Technology, Darapur, Amravati ",112624210,2,Home,0,40536,0,0,57041,0,0,0,0,0,0,0,0,56070,0,57716,0,0,0,0,0,42716,0,0,34539,32214,0,50772,0,0,0,0,0,0,0,0,0,0,0,35780,0,0,0,52705,83568,0,0,0,0,0,71062,0,0,77403,0,0,0,0,0,0,71313,0,0,0,0,0,0,0,71735,0,0,70774,73136,0,75082,0,0,0,0,0,0,0,0,0,0,73728,0,0,0,0,65151,0,80601,0,0,0,0,0,64452,0,0,70099,71554,0,0,0,0,82891,0,0,0,82551,0,0,0,0,72642,0,0,62287,0,0,0,0,0,0,0,0,0,0,0,0,0,69123,66934,0,0,0,0,0,0,0,0,0,0,0,56297,0,0,73205,0,0,0,0,0,80628,0,0,78448,0,0,74905,0,0,0,0,61923,0,0,60879,0,0,67921,0,0,0,0,0,0,0,0,0,0,64879,0,0,0,0,62655,0,88419,0,0,0,0,0,0,55412.827,0,0,73517.8095,13.4065,0,0,0,80262.659,0,77917.975,0,75728.451,0,0,0,0,60943.836,0,0,60579.6745,5.105,0,68302.554,0,0,0,0,0,0,0,0,0,0,66114.7535,14.87,0,0,0,62609.193
1126,"Shri. Dadasaheb Gawai Charitable Trust's Dr. Smt. Kamaltai Gawai nstitute of Engineering & Technology, Darapur, Amravati ",112629310,3,Home,0,86875,81750,0,0,0,0,0,0,0,0,0,0,0,0,0,0,0,0,0,0,0,0,0,0,49539,0,0,0,0,0,0,0,0,0,0,0,0,0,0,0,0,0,67441,0,0,0,0,0,0,85621,72137,0,0,0,0,0,0,0,0,0,0,0,0,0,0,0,0,0,0,0,76909,0,0,0,0,0,0,0,0,0,0,0,0,0,0,0,0,0,0,0,0,0,0,0,0,0,0,97339,0,0,0,0,0,0,0,0,0,0,0,0,0,0,0,0,0,0,0,0,98901,0,0,0,0,0,0,0,0,0,0,0,0,0,0,0,0,0,0,0,0,99175,0,0,0,0,0,119946,109652,0,120310,119065,0,0,0,0,0,0,0,0,0,0,0,0,0,0,0,99780,116795,0,113028,112089,0,0,120674,0,0,0,0,0,0,0,0,0,0,0,0,0,0,0,0,106241,0,0,0,0,0,0,120541.1668,108638.8875,0,120562.0073,118638.3343,0,0,0,0,0,0,0,0,0,0,0,0,99348.7915,118341.1293,0,113018.2615,111815.1475,0,0,120850.7083,0,0,0,0,0,0,0,0,0,0,0,0,0,0,2.614
1127,"Jagadambha Bahuuddeshiya Gramin Vikas Sanstha's Jagdambha College of Engineering and Technology, Yavatmal ",112719110,1,Home,0,58537,48528,0,55674,61857,0,0,0,57142,0,0,66422,0,0,64598,72580,0,74440,0,0,52222,74477,0,58296,0,0,62311,52697,0,0,0,0,0,0,0,0,0,0,76647,0,0,0,74316,0,0,0,0,0,0,62470,63657,0,85834,0,0,0,0,71840,0,0,0,0,0,0,0,0,0,80225,81573,0,79626,68477,0,80724,82688,0,0,0,0,0,0,0,82445,0,0,83422,0,0,0,77174,0,0,0,0,0,0,0,75428,0,0,98826,0,0,0,0,0,82373,0,0,0,95345,0,0,0,0,95888,99630,0,78317,92367,0,0,0,0,92464,0,0,0,0,0,0,0,79187,0,0,0,0,98266,0,0,0,0,0,0,0,97992,0,0,118257,118798,0,0,0,0,99168,0,0,119498,0,0,0,0,0,0,0,101449,100274,0,89488,0,0,115633,0,0,0,0,0,0,0,0,0,0,101781,0,0,0,0,90752,0,0,0,0,0,0,0,0,98285.7225,5.105,0,118340.4923,118637.2678,0,0,0,98837.9035,0,118679.9783,0,14.87,2.5265,0,2.5265,0,103075.177,98867.541,0,89422.272,17.8655,0,114853.685,5.105,0,13.4065,0,0,0,0,0,2.8795,0,103019.303,5.105,0,0,0,90161.882
1127,"Jagadambha Bahuuddeshiya Gramin Vikas Sanstha's Jagdambha College of Engineering and Technology, Yavatmal ",112724510,2,Home,0,38148,0,0,48903,0,0,0,0,38626,0,0,0,0,0,0,0,0,46052,0,0,45037,0,0,33712,0,0,41133,0,0,0,0,0,0,0,0,0,0,44890,0,0,0,0,34256,59785,0,0,0,0,0,61500,0,0,66728,0,0,68781,0,0,0,0,0,0,76898,0,0,78596,0,66268,0,0,59297,0,0,62666,0,0,0,0,0,0,0,0,0,0,62299,0,0,0,0,48554,0,77617,0,0,0,0,0,49920,0,0,62488,0,0,0,0,0,59104,0,50658,0,86240,0,0,0,0,54508,0,0,28959,0,0,75800,76794,0,96789,0,0,0,0,0,0,0,44134,0,0,0,0,49697,0,84671,0,0,0,0,0,63625,0,0,73988,0,0,112055,121852,0,67980,0,0,69273,0,0,78868,0,0,109660,0,70857,0,0,57650,0,0,60468,0,0,101969,0,0,0,0,0,0,0,67081,0,0,0,0,51436,0,108764,0,0,0,0,0,0,62552.4015,0,0,73629.2315,0,0,111638.251,0,68112.922,0,68435.0235,0,79402.5465,0,0,108599.4955,0,70708.3945,0,0,59775.6285,0,0,59944.9115,13.4065,0,103102.497,0,0,0,0,0,0,0,66431.2675,0,0,0,0,51827.569
1127,"Jagadambha Bahuuddeshiya Gramin Vikas Sanstha's Jagdambha College of Engineering and Technology, Yavatmal ",112729310,3,Home,0,53762,0,0,54399,0,0,56064,0,58447,0,0,0,0,0,0,0,0,0,0,0,80828,85494,0,49607,49960,0,83195,50335,0,0,0,0,0,0,0,0,0,51748,0,0,0,0,0,0,0,0,0,0,0,88411,86023,0,0,0,0,0,0,0,0,0,0,0,0,0,0,0,0,0,0,0,74361,54881,0,87624,0,0,0,0,77398,0,0,0,0,0,84515,0,0,0,0,67831,0,0,0,0,0,0,0,62220,0,0,80065,0,0,72738,73958,0,74698,0,81140,0,72777,94749,0,0,0,69856,0,0,71560,0,0,93630,95934,0,87709,0,0,0,0,0,0,0,88267,0,0,0,0,0,0,0,0,0,0,0,0,81311,0,0,84664,93481,0,0,0,0,91079,0,0,0,0,0,114928,0,0,0,0,84813,0,0,50806,0,0,82244,0,0,0,0,0,0,0,0,0,0,80260,0,0,0,0,113322,0,116836,0,0,0,0,0,0,81570.2235,2.8955,0,84777.8655,92576.5325,0,14.8735,0,90463.8075,0,13.394,0,114701.4045,13.394,0,0,0,84766.487,2.614,0,50296.905,5.1925,0,82692.2425,14.8735,0,13.394,0,2.8955,0,0,0,0,0,80259.18,0,0,0,0,112964.876
1127,"Jagadambha Bahuuddeshiya Gramin Vikas Sanstha's Jagdambha College of Engineering and Technology, Yavatmal ",112737210,3,Home,0,47101,0,0,0,0,0,0,0,0,0,0,0,0,0,0,0,0,0,0,0,50513,0,0,25934,0,0,0,0,0,0,0,0,0,0,0,0,0,48497,0,0,0,0,0,0,0,0,0,0,0,80701,76812,0,0,0,0,0,0,0,0,0,0,0,0,0,0,0,0,0,0,0,66463,0,0,0,0,0,0,0,0,0,0,0,0,0,70502,0,0,0,0,84879,0,0,0,0,0,0,0,72364,0,0,82081,88624,0,0,0,0,76210,0,0,0,0,0,0,0,0,74621,0,0,45755,0,0,81173,0,0,0,0,0,0,0,0,0,0,73458,0,0,0,0,0,0,0,0,0,0,0,0,79177,0,0,114740,0,0,0,0,0,83726,0,0,122321,0,0,120240,0,0,110363,0,81567,0,0,83343,0,0,101269,0,0,0,0,0,0,0,0,0,0,83754,0,0,0,0,97326,0,117572,0,0,0,0,0,0,79424.9445,2.8955,0,114702.8615,13.394,0,0,0,83976.6765,0,122229.357,0,120562.0073,0,0,110592.2945,0,81496.602,0,0,83009.0355,0,0,101931.0015,0,0,0,0,0,0,0,0,0,0,83688.9825,0,0,0,0,97960.0335
1127,"Jagadambha Bahuuddeshiya Gramin Vikas Sanstha's Jagdambha College of Engineering and Technology, Yavatmal ",112761210,4,Home,0,52149,0,0,86981,0,0,0,0,80667,0,0,0,0,0,0,0,0,0,55907,0,68554,80055,0,57468,37709,0,0,0,0,0,0,0,0,0,0,62730,0,0,58821,0,0,0,70088,0,0,0,0,0,0,88523,53417,0,0,0,0,0,0,0,0,0,0,0,0,0,0,0,0,0,0,0,88148,0,0,0,0,0,0,0,0,0,0,0,0,0,0,0,0,0,0,0,0,0,0,0,0,0,0,66522,0,0,83685,88487,0,78240,81829,0,0,0,90867,0,0,0,0,0,0,92890,93599,0,81796,0,0,99965,0,0,0,0,0,0,0,0,0,0,0,93387,0,0,0,0,0,0,0,0,0,0,0,87948,0,0,103065,104823,0,0,109468,0,95542,0,0,0,0,0,116932,0,0,0,0,95287,94399,0,76438,95923,0,115147,0,0,0,0,0,0,0,0,0,0,98944,0,0,0,0,77946,0,119872,0,0,0,0,0,0,87378.342,2.8955,0,103584.5705,104256.1415,0,13.394,0,97857.3985,0,13.394,0,118344.3993,0,0,0,0,97824.49,92846.6665,0,75919.7365,97864.429,0,115223.615,0,0,0,0,0,0,0,0,2.614,0,99149.485,14.8735,0,0,0,77775.849
